"Name","Team","PA","BB%","K%","BB/K","AVG","OBP","SLG","OPS","ISO","Spd","BABIP","UBR","wGDP","wSB","wRC","wRAA","wOBA","wRC+","playerid"
"Raisel Iglesias","Reds","1","0.0 %","0.0 %","0.00","1.000","1.000","2.000","3.000","1.000","0.1","1.000","","","0.0","1","0.8","1.232","691","17130"
"Erik Kratz","Giants","2","0.0 %","0.0 %","0.00","1.000","1.000","1.500","2.500",".500","0.1","1.000","0.1","0.0","0.0","1","1.2","1.054","599","4403"
"David Price","Red Sox","1","0.0 %","0.0 %","0.00","1.000","1.000","1.000","2.000",".000","0.1","1.000","","","0.0","1","0.5",".877","474","3184"
"Derek Holland","Giants","1","0.0 %","0.0 %","0.00","1.000","1.000","1.000","2.000",".000","0.1","1.000","","","0.0","1","0.5",".877","480","4141"
"Jacob Barnes","Brewers","1","100.0 %","0.0 %","1.00",".000","1.000",".000","1.000",".000","0.1",".000","","","0.0","0","0.3",".693","338","12323"
"Craig Stammen","Padres","8","25.0 %","25.0 %","1.00",".500",".625",".667","1.292",".167","2.0",".750","","","0.0","2","1.5",".546","246","7274"
"Kenley Jansen","Dodgers","4","0.0 %","0.0 %","0.00",".500",".500",".750","1.250",".250","0.1",".500","","","0.0","1","0.7",".527","235","3096"
"Adam Morgan","Phillies","3","33.3 %","33.3 %","1.00",".500",".667",".500","1.167",".000","0.1","1.000","","","0.0","1","0.5",".523","228","12580"
"Colin Moran","Pirates","12","8.3 %","8.3 %","1.00",".364",".417",".818","1.235",".455","5.1",".333","0.1","0.0","0.0","3","1.8",".498","224","16909"
"Christian Walker","Diamondbacks","15","6.7 %","33.3 %","0.20",".250",".400",".833","1.233",".583","0.1",".200","-0.1","0.0","0.0","4","2.1",".489","200","13419"
"Marcus Stroman","Blue Jays","7","0.0 %","57.1 %","0.00",".286",".286",".857","1.143",".571","2.6",".500","","","0.0","2","0.8",".459","193","13431"
"Curt Casali","Reds","13","23.1 %","23.1 %","1.00",".333",".462",".667","1.128",".333","0.8",".333","0.2","0.0","0.0","3","1.4",".447","188","12510"
"Hector Rondon","Astros","2","0.0 %","0.0 %","0.00",".500",".500",".500","1.000",".000","0.1",".500","","","0.0","0","0.2",".438","172","2391"
"Corey Kluber","Indians","2","0.0 %","0.0 %","0.00",".500",".500",".500","1.000",".000","0.1",".500","","","0.0","0","0.2",".438","175","2429"
"Marco Gonzales","Mariners","3","0.0 %","33.3 %","0.00",".500",".500",".500","1.000",".000","0.1","1.000","","","0.0","0","-0.1",".438","87","15467"
"Mike Trout","Angels","507","18.5 %","17.8 %","1.04",".306",".442",".629","1.071",".323","6.2",".318","1.0","0.7","2.3","111","49.6",".437","181","10155"
"J.D. Martinez","Red Sox","489","10.8 %","26.2 %","0.41",".303",".376",".690","1.066",".387","4.7",".327","-3.4","-2.9","0.5","105","45.1",".430","167","6184"
"Joey Votto","Reds","707","19.0 %","11.7 %","1.61",".320",".454",".578","1.032",".258","2.8",".321","-10.1","0.5","0.0","150","64.0",".428","164","4314"
"Rhys Hoskins","Phillies","212","17.5 %","21.7 %","0.80",".259",".396",".618","1.014",".359","3.4",".241","0.6","1.0","0.3","43","17.2",".417","159","16472"
"Bryce Harper","Phillies","492","13.8 %","20.1 %","0.69",".319",".413",".595","1.008",".276","3.7",".356","-0.1","-0.3","-0.4","99","39.4",".416","155","11579"
"Charlie Blackmon","Rockies","725","9.0 %","18.6 %","0.48",".331",".399",".601","1.000",".270","6.4",".371","3.0","0.9","-1.9","146","57.2",".414","141","7859"
"Chris Sale","Red Sox","3","0.0 %","33.3 %","0.00",".333",".333",".667","1.000",".333","0.1",".500","","","0.0","1","0.2",".411","156","10603"
"Freddie Freeman","Braves","514","12.6 %","18.5 %","0.68",".307",".403",".586",".989",".280","4.3",".335","1.1","0.5","-0.8","100","37.3",".407","150","5361"
"Jose Altuve","Astros","662","8.8 %","12.7 %","0.69",".346",".410",".547",".957",".202","6.4",".370","1.2","-0.6","3.4","128","47.0",".405","160","5417"
"Paul Goldschmidt","Cardinals","665","14.1 %","22.1 %","0.64",".297",".404",".563",".966",".265","5.6",".343","1.5","0.8","1.0","126","44.6",".400","142","9218"
"Justin Turner","Dodgers","543","10.9 %","10.3 %","1.05",".322",".415",".530",".945",".208","3.3",".326","1.0","0.5","0.6","102","36.0",".400","151","5235"
"Kris Bryant","Cubs","665","14.3 %","19.2 %","0.74",".295",".409",".537",".946",".242","4.4",".334","4.8","1.2","-1.2","125","43.9",".399","146","15429"
"Tommy Pham","Rays","530","13.4 %","22.1 %","0.61",".306",".411",".520",".931",".214","6.0",".368","4.3","-0.6","1.6","99","34.5",".398","148","2967"
"Jose Ramirez","Indians","645","8.1 %","10.7 %","0.75",".318",".374",".583",".957",".265","6.0",".319","-1.4","0.5","0.9","120","41.1",".396","146","13510"
"Josh Donaldson","Braves","496","15.3 %","22.4 %","0.68",".270",".385",".559",".944",".289","1.6",".289","1.9","1.3","-0.8","92","31.6",".396","151","5038"
"Nolan Arenado","Rockies","680","9.1 %","15.6 %","0.58",".309",".373",".586",".959",".277","4.1",".320","1.7","-0.6","-0.6","126","42.6",".395","129","9777"
"Anthony Rendon","Nationals","605","13.9 %","13.6 %","1.02",".301",".403",".533",".937",".232","3.5",".314","0.2","1.2","0.1","111","37.4",".394","141","12861"
"Carlos Correa","Astros","481","11.0 %","19.1 %","0.58",".315",".391",".550",".941",".235","3.2",".352","2.1","-0.1","-0.4","88","29.5",".394","152","14162"
"Ian Kennedy","Royals","4","25.0 %","0.0 %","1.00",".333",".500",".333",".833",".000","0.1",".333","","","0.0","1","0.2",".392","146","6986"
"Zack Cozart","Angels","507","12.2 %","15.4 %","0.79",".297",".385",".548",".933",".251","5.3",".312","-2.7","1.0","0.2","92","30.5",".392","140","2616"
"Michael Conforto","Mets","440","13.0 %","25.7 %","0.50",".279",".384",".555",".939",".276","3.6",".328","1.8","1.0","0.1","80","26.4",".392","147","16376"
"Marcell Ozuna","Cardinals","679","9.4 %","21.2 %","0.44",".312",".376",".548",".924",".237","2.3",".355","-3.1","-0.6","-1.5","121","38.4",".388","144","10324"
"Ryan Zimmerman","Nationals","576","7.6 %","21.9 %","0.35",".303",".358",".573",".930",".269","2.2",".335","2.4","-0.4","-0.1","103","32.4",".387","137","4220"
"Austin Barnes","Dodgers","262","14.9 %","16.4 %","0.91",".289",".408",".486",".895",".197","4.9",".329","-1.3","-0.2","0.2","46","14.3",".386","142","12158"
"Nelson Cruz","Twins","645","10.9 %","21.7 %","0.50",".288",".375",".549",".924",".261","1.7",".315","-3.8","0.5","-0.6","113","34.8",".385","147","2434"
"Jesse Winker","Reds","137","10.9 %","17.5 %","0.63",".298",".375",".529",".904",".231","2.5",".322","-0.2","0.0","-0.3","24","7.2",".384","134","13590"
"Joey Wendle","Rays","14","7.1 %","21.4 %","0.33",".308",".357",".615",".973",".308","2.6",".333","0.0","0.0","0.0","2","0.7",".382","143","13853"
"Marwin Gonzalez","Twins","515","9.5 %","19.2 %","0.49",".303",".377",".530",".907",".226","3.2",".343","-0.6","1.1","0.0","89","26.5",".382","144","5497"
"Cody Bellinger","Dodgers","548","11.7 %","26.6 %","0.44",".267",".352",".581",".933",".315","5.5",".299","-0.6","2.2","0.4","94","27.3",".380","138","15998"
"Anthony Rizzo","Cubs","691","13.2 %","13.0 %","1.01",".273",".392",".507",".899",".234","4.4",".273","-3.5","-0.5","-0.2","119","34.3",".380","134","3473"
"Jose Martinez","Cardinals","307","10.4 %","19.5 %","0.53",".309",".379",".518",".897",".210","4.6",".350","0.2","-0.6","0.6","52","15.0",".379","135","7996"
"Justin Upton","Angels","635","11.7 %","28.3 %","0.41",".273",".361",".540",".901",".268","4.0",".341","2.4","1.4","0.3","108","30.6",".378","138","5222"
"Jose Abreu","White Sox","675","5.2 %","17.6 %","0.29",".304",".354",".552",".906",".248","4.4",".330","0.3","-2.5","0.2","114","32.1",".377","139","15676"
"Eric Hosmer","Padres","671","9.8 %","15.5 %","0.63",".318",".385",".498",".882",".179","3.4",".351","2.2","-0.6","0.3","113","31.3",".376","135","3516"
"George Springer","Astros","629","10.2 %","17.6 %","0.58",".283",".367",".522",".889",".239","3.1",".297","0.7","-0.5","-2.4","106","29.2",".376","140","12856"
"Dwight Smith Jr.","Orioles","29","3.4 %","34.5 %","0.10",".370",".414",".444",".858",".074","4.0",".588","0.4","0.2","0.2","5","1.3",".376","136","13473"
"Avisail Garcia","Rays","561","5.9 %","19.8 %","0.30",".330",".380",".506",".885",".176","4.3",".392","3.6","-1.0","-0.7","94","25.7",".375","137","5760"
"Justin Bour","Angels","429","11.0 %","22.1 %","0.49",".289",".366",".536",".902",".247","1.6",".322","-4.7","0.3","-0.1","72","19.4",".374","135","9744"
"Edwin Encarnacion","Mariners","669","15.5 %","19.9 %","0.78",".258",".377",".504",".881",".245","2.7",".271","-7.5","-0.7","-0.1","111","29.4",".373","130","2151"
"Domingo Santana","Mariners","607","12.0 %","29.3 %","0.41",".278",".371",".505",".875",".227","4.0",".363","2.0","0.3","0.9","100","26.1",".372","127","10348"
"Kurt Suzuki","Nationals","309","5.5 %","12.6 %","0.44",".283",".351",".536",".887",".254","1.1",".268","-1.3","0.5","-0.2","51","13.3",".372","127","8259"
"Teoscar Hernandez","Blue Jays","95","6.3 %","37.9 %","0.17",".261",".305",".602",".908",".341","2.7",".333","0.8","0.6","-0.5","16","4.0",".371","134","13066"
"Justin Smoak","Blue Jays","637","11.5 %","20.1 %","0.57",".270",".355",".529",".883",".259","1.7",".285","-2.2","-0.1","-0.8","105","27.0",".371","133","9054"
"Jorge Alfaro","Marlins","114","2.6 %","28.9 %","0.09",".318",".360",".514",".874",".196","0.9",".420","-1.7","0.0","-0.1","19","4.7",".369","127","12180"
"Eric Thames","Brewers","551","13.6 %","29.6 %","0.46",".247",".359",".518",".877",".271","4.6",".309","-2.5","1.3","-0.4","89","22.3",".369","125","3711"
"Adam Eaton","Nationals","107","13.1 %","16.8 %","0.78",".297",".393",".462",".854",".165","6.9",".347","1.4","0.3","0.1","17","4.3",".369","125","11205"
"Robinson Chirinos","Astros","309","11.0 %","25.6 %","0.43",".255",".360",".506",".866",".251","3.7",".298","-2.5","0.4","0.0","50","12.5",".369","124","3142"
"Nicky Delmonico","White Sox","166","13.9 %","18.7 %","0.74",".262",".373",".482",".856",".220","3.7",".277","-0.2","-0.6","0.3","27","6.7",".369","133","13157"
"Tommy La Stella","Angels","151","13.2 %","11.9 %","1.11",".288",".389",".472",".861",".184","1.1",".298","-0.2","0.4","-0.1","24","6.1",".368","126","12371"
"Yonder Alonso","White Sox","521","13.1 %","22.6 %","0.58",".266",".365",".501",".866",".235","2.4",".302","-3.2","0.6","0.1","83","19.7",".366","133","2530"
"Buster Posey","Giants","568","10.7 %","11.6 %","0.92",".320",".400",".462",".861",".142","2.8",".347","-1.1","-1.1","0.4","91","21.4",".366","127","9166"
"Corey Seager","Dodgers","613","10.9 %","21.4 %","0.51",".295",".375",".479",".854",".184","2.7",".352","4.6","-0.7","-0.5","97","22.2",".364","127","13624"
"Joey Gallo","Rangers","532","14.1 %","36.8 %","0.38",".209",".333",".537",".869",".327","5.5",".250","1.9","2.4","0.3","84","19.2",".364","121","14128"
"Brian Dozier","Nationals","705","11.1 %","20.0 %","0.55",".271",".359",".498",".856",".227","5.2",".300","3.1","0.8","-0.2","110","24.4",".362","125","9810"
"Willson Contreras","Cubs","428","10.5 %","22.9 %","0.46",".276",".356",".499",".855",".223","2.4",".319","-4.1","-0.9","-1.0","67","14.8",".362","122","11609"
"Howie Kendrick","Nationals","334","6.6 %","20.4 %","0.32",".315",".368",".475",".844",".161","5.7",".378","-0.4","-0.6","0.0","52","11.4",".361","121","4229"
"Chris Taylor","Dodgers","568","8.8 %","25.0 %","0.35",".288",".354",".496",".850",".208","6.4",".361","3.0","2.3","1.4","89","19.3",".361","126","13757"
"Khris Davis","Athletics","652","11.2 %","29.9 %","0.37",".247",".336",".528",".864",".281","3.4",".290","0.3","-2.0","0.4","102","22.1",".361","129","9112"
"Travis Shaw","Brewers","606","9.9 %","22.8 %","0.43",".273",".349",".513",".862",".240","4.5",".312","-0.8","-2.6","1.6","94","20.4",".361","120","11982"
"Matt Carpenter","Cardinals","622","17.5 %","20.1 %","0.87",".241",".384",".451",".835",".209","3.1",".274","-0.8","1.7","-0.5","97","20.9",".361","123","8090"
"Andrew McCutchen","Phillies","650","11.2 %","17.8 %","0.63",".279",".363",".486",".849",".207","4.3",".305","0.1","1.3","-0.3","101","21.5",".360","123","9847"
"Mitch Haniger","Mariners","410","7.6 %","22.7 %","0.33",".282",".352",".491",".843",".209","4.3",".338","-2.0","0.4","-0.9","63","13.4",".360","130","14274"
"Aaron Altherr","Phillies","412","7.8 %","25.2 %","0.31",".272",".340",".516",".856",".245","5.5",".328","-0.1","-0.9","-0.9","64","13.3",".359","121","11270"
"Paul DeJong","Cardinals","443","4.7 %","28.0 %","0.17",".285",".325",".532",".857",".247","2.5",".349","-3.3","0.9","0.0","68","14.2",".359","122","18015"
"Tyler Flowers","Braves","370","8.4 %","22.2 %","0.38",".281",".378",".445",".823",".164","1.4",".342","0.7","0.3","-0.7","57","11.7",".358","118","9134"
"Tyler Glasnow","Rays","23","17.4 %","30.4 %","0.57",".294",".455",".294",".749",".000","0.2",".500","","","0.0","4","0.7",".358","121","14374"
"Dexter Fowler","Cardinals","491","12.8 %","20.6 %","0.62",".264",".363",".488",".851",".224","5.9",".305","2.2","-0.1","-0.2","75","15.2",".358","121","4062"
"Mark Reynolds","Rockies","593","11.6 %","29.5 %","0.39",".267",".352",".487",".839",".219","2.7",".343","-2.7","0.4","-0.4","91","18.3",".357","104","7619"
"Josh Reddick","Astros","540","8.0 %","13.3 %","0.60",".314",".363",".484",".847",".170","4.8",".339","2.7","0.8","-0.2","82","16.6",".357","128","3892"
"Eugenio Suarez","Reds","632","13.3 %","23.3 %","0.57",".260",".367",".461",".828",".200","3.1",".309","1.3","-0.9","-1.8","96","18.9",".356","116","12552"
"Tyler White","Astros","67","6.0 %","23.9 %","0.25",".279",".328",".525",".853",".246","1.8",".326","0.1","0.4","-0.5","10","2.0",".356","127","15564"
"Jonathan Schoop","Twins","675","5.2 %","21.0 %","0.25",".293",".338",".503",".841",".211","2.2",".330","0.2","-2.1","-0.2","102","19.3",".355","122","11265"
"Jose Pirela","Padres","344","7.8 %","20.6 %","0.38",".288",".347",".490",".837",".202","5.0",".343","0.7","0.2","-0.7","52","9.8",".355","120","5485"
"Mike Zunino","Rays","435","9.0 %","36.8 %","0.24",".251",".331",".509",".840",".258","1.9",".355","-1.8","0.1","0.0","65","12.4",".355","127","13265"
"Francisco Lindor","Indians","723","8.3 %","12.9 %","0.65",".273",".337",".505",".842",".232","5.1",".275","3.2","0.2","1.3","108","19.4",".353","117","12916"
"Brandon Belt","Giants","451","14.6 %","23.1 %","0.63",".241",".355",".469",".823",".228","4.2",".284","-1.3","1.0","-0.5","67","11.7",".352","118","10264"
"Carlos Rodon","White Sox","7","0.0 %","28.6 %","0.00",".333",".333",".500",".833",".167","0.1",".500","","","0.0","1","0.2",".351","121","16137"
"Jesus Aguilar","Brewers","311","8.0 %","30.2 %","0.27",".265",".331",".505",".837",".240","2.8",".337","0.1","-0.2","-0.2","46","7.8",".351","113","11342"
"Alex Bregman","Astros","626","8.8 %","15.5 %","0.57",".284",".352",".475",".827",".191","5.9",".311","0.2","-0.8","0.9","92","15.8",".351","123","17678"
"Brad Peacock","Astros","8","12.5 %","37.5 %","0.33",".286",".375",".429",".804",".143","1.6",".500","","","0.0","1","0.2",".350","123","5401"
"Carlos Santana","Indians","667","13.2 %","14.1 %","0.94",".259",".363",".455",".818",".196","4.0",".274","0.3","0.4","0.1","98","16.5",".350","115","2396"
"Jay Bruce","Mariners","617","9.2 %","22.5 %","0.41",".254",".324",".508",".832",".254","2.6",".274","-2.3","0.8","-0.6","90","15.1",".350","118","9892"
"Eddie Rosario","Twins","589","5.9 %","18.0 %","0.33",".290",".328",".507",".836",".218","3.9",".312","1.0","0.4","-1.9","86","14.2",".349","116","12155"
"Trey Mancini","Orioles","586","5.6 %","23.7 %","0.24",".293",".338",".488",".826",".195","3.2",".352","-0.2","0.1","-0.2","85","14.0",".349","118","15149"
"Yasiel Puig","Reds","570","11.2 %","17.5 %","0.64",".263",".346",".487",".833",".224","4.4",".274","-5.3","-2.4","0.1","83","13.3",".349","117","14225"
"Christian Yelich","Brewers","695","11.5 %","19.7 %","0.58",".282",".369",".439",".807",".156","5.2",".336","3.1","1.8","1.9","101","15.8",".348","118","11477"
"Brandon Nimmo","Mets","215","15.3 %","27.9 %","0.55",".260",".379",".418",".797",".158","4.5",".360","-0.3","0.6","0.2","31","4.9",".348","118","12927"
"Ozzie Albies","Braves","244","8.6 %","14.8 %","0.58",".286",".354",".456",".810",".171","7.4",".316","1.4","0.3","1.0","35","5.3",".347","111","16556"
"Lorenzo Cain","Brewers","645","8.4 %","15.5 %","0.54",".300",".363",".440",".803",".140","6.5",".340","2.2","-2.6","3.9","93","14.0",".347","115","9077"
"Ryan Braun","Brewers","425","8.9 %","17.9 %","0.50",".268",".336",".487",".823",".218","5.3",".292","0.5","-1.3","0.5","61","9.2",".347","110","3410"
"Pedro Baez","Dodgers","2","50.0 %","50.0 %","1.00",".000",".500",".000",".500",".000","0.1",".000","","","0.0","0","0.0",".346","116","5420"
"Neil Walker","Marlins","448","12.3 %","17.2 %","0.71",".265",".362",".439",".801",".174","2.8",".297","0.8","-0.2","-1.2","64","9.5",".346","115","7539"
"Matt Adams","Nationals","367","6.3 %","24.0 %","0.26",".274",".319",".522",".841",".248","2.0",".311","0.3","0.6","-0.2","53","7.8",".346","111","9393"
"Cesar Hernandez","Phillies","577","10.6 %","18.0 %","0.59",".294",".373",".421",".793",".127","6.0",".353","0.8","-0.4","0.4","82","12.1",".346","112","10556"
"Mike Moustakas","Brewers","598","5.7 %","15.7 %","0.36",".272",".314",".521",".835",".249","1.1",".263","-3.2","-1.9","-0.3","85","12.0",".345","114","4892"
"Yuli Gurriel","Astros","564","3.9 %","11.0 %","0.35",".299",".332",".486",".817",".187","2.8",".308","0.7","0.7","-0.6","80","11.2",".344","119","19198"
"Rafael Devers","Red Sox","240","7.5 %","23.8 %","0.32",".284",".338",".482",".819",".198","3.5",".342","0.4","-0.2","0.0","34","4.8",".344","110","17350"
"Jedd Gyorko","Cardinals","481","9.8 %","21.8 %","0.45",".272",".341",".472",".813",".200","3.8",".312","-2.2","-0.3","0.0","68","9.4",".344","112","10816"
"Nick Williams","Phillies","343","5.8 %","28.3 %","0.21",".288",".338",".473",".811",".185","4.4",".375","-1.5","0.2","-0.9","49","6.7",".344","111","14330"
"Elvis Andrus","Rangers","689","5.5 %","14.7 %","0.38",".297",".337",".471",".808",".174","5.7",".325","5.0","-1.0","0.4","97","13.2",".344","107","8709"
"Welington Castillo","White Sox","365","6.0 %","26.6 %","0.23",".282",".323",".490",".813",".208","1.0",".336","-1.3","-0.8","-0.2","51","7.0",".344","114","3256"
"Eric Sogard","Blue Jays","299","15.1 %","12.4 %","1.22",".273",".393",".378",".770",".104","3.3",".311","-0.8","-0.7","-0.9","42","5.7",".343","108","7927"
"Jake Marisnick","Astros","259","7.7 %","34.7 %","0.22",".243",".319",".496",".815",".252","5.5",".320","3.0","0.0","0.0","36","4.8",".343","118","11339"
"Matt Joyce","Braves","544","12.1 %","20.8 %","0.58",".243",".335",".473",".808",".230","3.2",".263","1.1","0.5","0.1","76","10.0",".343","116","3353"
"David Peralta","Diamondbacks","577","7.5 %","16.3 %","0.46",".293",".352",".444",".796",".150","4.6",".333","0.8","0.9","-0.5","81","10.2",".342","104","2136"
"DJ LeMahieu","Yankees","682","8.7 %","13.2 %","0.66",".310",".374",".409",".783",".099","3.9",".351","0.2","-3.2","-1.5","95","12.0",".342","94","9874"
"Jeimer Candelario","Tigers","142","9.2 %","21.1 %","0.43",".283",".359",".425",".784",".142","1.6",".351","-0.4","-0.2","-0.1","20","2.5",".342","112","13621"
"Michael Brantley","Astros","375","8.3 %","13.3 %","0.62",".299",".357",".444",".801",".145","5.0",".325","2.3","0.3","1.5","52","6.6",".342","109","4106"
"Lucas Duda","Royals","491","12.2 %","27.5 %","0.44",".217",".322",".496",".818",".279","0.5",".238","-4.1","0.3","-0.2","68","8.4",".341","114","2502"
"Nicholas Castellanos","Tigers","665","6.2 %","21.4 %","0.29",".272",".320",".490",".811",".218","4.6",".313","0.0","-0.4","-1.7","92","11.2",".341","112","11737"
"A.J. Pollock","Dodgers","466","7.5 %","15.2 %","0.49",".266",".330",".471",".801",".205","7.5",".291","0.4","1.0","1.2","64","7.6",".340","103","9256"
"Shin-Soo Choo","Rangers","636","12.1 %","21.1 %","0.57",".261",".357",".423",".780",".162","4.7",".305","-0.9","-1.5","0.7","87","9.7",".339","104","3174"
"Mookie Betts","Red Sox","712","10.8 %","11.1 %","0.97",".264",".344",".459",".803",".194","5.5",".268","4.1","1.6","3.5","98","10.8",".339","106","13611"
"Josh Bell","Pirates","620","10.6 %","18.9 %","0.56",".255",".334",".466",".800",".211","3.5",".278","-5.0","-0.1","-1.7","85","9.1",".338","108","13145"
"Asdrubal Cabrera","Rangers","540","9.3 %","15.4 %","0.60",".280",".351",".434",".785",".154","2.5",".310","-6.2","-2.1","-0.6","74","7.8",".338","112","4962"
"Starlin Castro","Marlins","473","4.9 %","19.7 %","0.25",".300",".338",".454",".792",".153","3.5",".347","1.7","-0.5","0.1","64","6.8",".338","109","4579"
"Michael A. Taylor","Nationals","432","6.7 %","31.7 %","0.21",".271",".320",".486",".806",".216","5.9",".363","1.0","1.9","0.2","59","6.2",".338","104","11489"
"Brian Goodwin","Angels","278","8.3 %","24.8 %","0.33",".251",".313",".498",".811",".247","6.0",".291","-1.7","0.4","1.1","38","3.8",".337","104","12858"
"Gerardo Parra","Giants","425","4.7 %","15.8 %","0.30",".309",".341",".452",".793",".143","3.0",".343","-1.2","-1.1","-2.0","57","5.6",".337","90","8553"
"Kevin Kiermaier","Rays","421","7.4 %","23.5 %","0.31",".276",".338",".450",".788",".174","5.9",".337","3.6","1.7","0.0","57","5.6",".337","112","11038"
"Brett Gardner","Yankees","682","10.6 %","17.9 %","0.59",".264",".350",".428",".778",".163","6.0",".300","2.4","1.6","2.0","92","8.9",".336","108","9927"
"Kolten Wong","Cardinals","411","10.0 %","14.6 %","0.68",".285",".376",".412",".788",".127","5.4",".331","1.6","1.6","0.5","55","5.2",".336","107","12532"
"Wil Myers","Padres","649","10.8 %","27.7 %","0.39",".243",".328",".464",".792",".220","5.3",".297","-0.5","0.0","1.1","87","7.8",".335","107","10047"
"Didi Gregorius","Yankees","570","4.4 %","12.3 %","0.36",".287",".318",".478",".796",".191","2.7",".287","1.2","2.0","-0.1","76","6.6",".335","107","6012"
"Todd Frazier","Mets","576","14.4 %","21.7 %","0.66",".213",".344",".428",".772",".215","3.1",".226","-1.1","-0.1","-0.8","77","6.6",".335","108","785"
"Robinson Cano","Mets","648","7.6 %","13.1 %","0.58",".280",".338",".453",".791",".172","2.0",".294","-2.0","-0.8","-0.2","86","7.3",".334","113","3269"
"Adam Jones","Diamondbacks","635","4.3 %","17.8 %","0.24",".285",".322",".466",".787",".181","2.7",".312","3.6","-1.9","-0.4","84","7.0",".334","107","6368"
"Tim Beckham","Mariners","575","6.3 %","29.0 %","0.22",".278",".328",".454",".782",".176","4.4",".365","1.5","0.4","-1.3","76","6.3",".334","109","7949"
"Albert Almora Jr.","Cubs","323","5.9 %","16.4 %","0.36",".298",".338",".445",".782",".147","3.2",".338","-1.3","-0.5","0.0","43","3.4",".334","103","14109"
"Kyle Schwarber","Cubs","486","12.1 %","30.9 %","0.39",".211",".315",".467",".782",".256","2.8",".244","-0.5","0.6","-0.5","64","4.8",".333","103","16478"
"Whit Merrifield","Royals","630","4.6 %","14.0 %","0.33",".288",".324",".460",".784",".172","6.7",".308","2.2","-0.8","3.0","83","6.0",".332","105","11281"
"Andrew Benintendi","Red Sox","658","10.6 %","17.0 %","0.63",".271",".352",".424",".776",".154","4.5",".301","-0.4","0.4","1.4","86","6.2",".332","102","17901"
"Josh Harrison","Tigers","542","5.2 %","16.6 %","0.31",".272",".339",".432",".771",".160","4.9",".303","0.7","1.1","0.4","71","5.1",".332","104","8202"
"J.T. Realmuto","Phillies","579","6.2 %","18.3 %","0.34",".278",".332",".451",".783",".173","5.0",".318","1.0","0.2","0.4","76","5.4",".332","107","11739"
"Matt Chapman","Athletics","326","9.8 %","28.2 %","0.35",".234",".313",".472",".785",".238","3.5",".290","1.9","1.5","-1.4","43","3.0",".332","109","16505"
"Wilmer Flores","Diamondbacks","362","4.7 %","14.9 %","0.31",".271",".307",".488",".795",".217","2.4",".270","-0.3","-1.9","-0.4","47","3.2",".331","108","5827"
"Kevin Plawecki","Indians","118","11.9 %","14.4 %","0.82",".260",".364",".400",".764",".140","2.7",".284","0.4","0.1","0.1","15","1.0",".331","107","13807"
"Johan Camargo","Braves","256","4.7 %","19.9 %","0.24",".299",".331",".452",".783",".154","3.0",".364","0.5","0.1","-0.1","33","2.1",".330","100","14950"
"Curtis Granderson","Marlins","527","13.5 %","23.3 %","0.58",".212",".323",".452",".775",".241","4.8",".228","1.5","1.3","0.1","68","4.1",".330","106","4747"
"Max Stassi","Astros","31","19.4 %","12.9 %","1.50",".167",".323",".458",".781",".292","1.9",".105","0.2","-0.3","0.0","4","0.2",".330","109","10059"
"Scott Schebler","Reds","531","7.3 %","23.5 %","0.31",".233",".307",".484",".791",".252","3.9",".248","0.1","1.1","-0.5","69","4.0",".330","99","12225"
"Robbie Grossman","Athletics","456","14.7 %","17.3 %","0.85",".246",".361",".380",".741",".134","3.5",".287","-0.8","1.1","-0.2","59","3.2",".329","102","5254"
"Salvador Perez","Royals","499","3.4 %","19.0 %","0.18",".268",".297",".495",".792",".227","2.4",".280","-0.4","-3.2","0.0","64","3.3",".329","103","7304"
"Joe Panik","Giants","573","8.0 %","9.4 %","0.85",".288",".347",".421",".768",".133","4.2",".301","-2.5","0.4","0.0","74","3.7",".329","103","11936"
"John Hicks","Tigers","190","6.8 %","26.8 %","0.25",".266",".326",".439",".766",".173","3.4",".342","0.3","-0.4","-0.1","24","1.2",".328","104","12547"
"Phillip Ervin","Reds","64","6.3 %","23.4 %","0.27",".259",".317",".448",".766",".190","5.2",".300","0.4","0.0","0.3","8","0.4",".328","98","14738"
"Ender Inciarte","Braves","718","6.8 %","13.1 %","0.52",".304",".350",".409",".759",".106","5.4",".339","2.3","-0.1","0.1","92","4.0",".328","98","4922"
"Manny Machado","Padres","690","7.2 %","16.7 %","0.43",".259",".310",".471",".782",".213","3.3",".265","-3.7","-1.0","-0.3","88","3.9",".328","103","11493"
"Yoan Moncada","White Sox","231","12.6 %","32.0 %","0.39",".231",".338",".412",".750",".181","5.3",".325","0.6","1.5","-0.4","29","1.3",".327","105","17232"
"Carlos Gonzalez","Indians","534","10.5 %","22.3 %","0.47",".262",".339",".423",".762",".162","3.2",".318","-1.4","0.6","0.3","68","2.7",".327","84","7287"
"Kyle Seager","Mariners","650","8.9 %","16.9 %","0.53",".249",".323",".450",".773",".201","2.2",".262","-3.2","2.7","-0.4","82","3.1",".326","107","9785"
"David Freese","Dodgers","503","11.5 %","23.1 %","0.50",".263",".368",".371",".739",".108","1.0",".336","-3.4","0.0","-0.8","64","2.3",".326","100","9549"
"Cam Gallagher","Royals","27","11.1 %","14.8 %","0.75",".250",".333",".417",".750",".167","0.3",".263","-0.2","-0.1","0.0","3","0.1",".326","101","12981"
"Mitch Moreland","Red Sox","576","9.9 %","20.8 %","0.48",".246",".326",".443",".769",".197","1.7",".278","-1.1","-0.6","-0.7","73","2.3",".326","97","3086"
"Javier Baez","Cubs","508","5.9 %","28.3 %","0.21",".273",".317",".480",".796",".207","5.3",".345","2.8","0.5","0.5","64","2.0",".326","98","12979"
"Jacoby Ellsbury","Yankees","409","10.0 %","15.4 %","0.65",".264",".348",".402",".750",".138","7.7",".304","0.8","1.0","2.9","51","1.6",".326","101","4727"
"Yasmani Grandal","Brewers","482","8.3 %","27.0 %","0.31",".247",".308",".459",".767",".212","1.1",".298","-3.7","0.1","-0.7","60","1.6",".325","102","11368"
"Brandon Drury","Blue Jays","480","5.8 %","21.5 %","0.27",".267",".317",".447",".764",".180","2.4",".320","0.1","0.0","-0.5","60","1.5",".325","92","11615"
"Derek Dietrich","Reds","464","7.8 %","21.1 %","0.37",".249",".334",".424",".758",".175","3.9",".294","0.9","1.3","-0.7","58","1.1",".324","102","10542"
"Victor Robles","Nationals","27","0.0 %","22.2 %","0.00",".250",".308",".458",".766",".208","6.0",".333","-0.5","-0.2","-0.4","3","0.1",".324","95","18363"
"Blake Swihart","Diamondbacks","7","28.6 %","42.9 %","0.67",".200",".429",".200",".629",".000","1.6",".500","0.0","0.0","0.0","1","0.0",".323","96","13176"
"Andrelton Simmons","Angels","647","7.3 %","10.4 %","0.70",".278",".331",".421",".752",".143","5.0",".291","2.7","-1.6","0.9","80","1.0",".323","103","10847"
"Manny Pina","Brewers","359","5.6 %","22.0 %","0.25",".279",".327",".424",".751",".145","3.2",".339","-1.1","-0.5","0.2","44","0.5",".323","95","2829"
"Steve Pearce","Red Sox","348","7.8 %","19.5 %","0.40",".252",".319",".438",".757",".185","1.9",".281","0.0","-0.8","-0.2","43","0.5",".323","100","9957"
"Brian McCann","Braves","399","9.5 %","14.5 %","0.66",".241",".323",".436",".759",".195","2.6",".237","-2.2","0.4","0.0","49","0.6",".323","104","4810"
"Trevor Story","Rockies","555","8.8 %","34.4 %","0.26",".239",".308",".457",".765",".219","4.7",".332","0.8","-0.1","0.3","68","0.8",".323","81","12564"
"Adam Frazier","Pirates","454","7.9 %","12.6 %","0.63",".276",".344",".399",".743",".123","5.7",".306","3.9","-0.6","-0.6","56","0.5",".322","98","15223"
"Raimel Tapia","Rockies","171","4.7 %","21.1 %","0.22",".288",".329",".425",".754",".138","7.2",".361","2.3","-0.1","0.1","21","0.2",".322","81","14350"
"Joc Pederson","Dodgers","323","12.1 %","21.1 %","0.57",".212",".331",".407",".738",".194","3.5",".241","1.5","-0.1","-0.7","40","0.3",".322","100","11899"
"Xander Bogaerts","Red Sox","635","8.8 %","18.3 %","0.48",".273",".343",".403",".746",".130","6.7",".327","6.3","-0.2","2.2","78","0.3",".321","95","12161"
"Omar Narvaez","Mariners","295","12.9 %","15.3 %","0.84",".277",".373",".340",".713",".063","0.8",".330","-0.2","-0.5","-0.2","36","0.1",".321","100","13338"
"Andrew Knapp","Phillies","204","15.2 %","27.5 %","0.55",".257",".368",".368",".736",".111","4.1",".360","0.6","-0.4","0.1","25","-0.1",".321","95","14942"
"Nick Markakis","Braves","670","10.1 %","16.4 %","0.62",".275",".354",".384",".738",".110","1.9",".324","0.8","-0.4","-1.3","81","-0.2",".321","93","5930"
"Eduardo Escobar","Diamondbacks","499","6.6 %","19.6 %","0.34",".254",".309",".449",".758",".195","5.1",".279","1.4","1.4","0.3","60","-0.4",".320","96","6153"
"Ryon Healy","Mariners","605","3.8 %","23.5 %","0.16",".271",".302",".451",".754",".181","1.4",".319","0.1","-1.2","-0.7","73","-0.6",".320","100","15447"
"Kendrys Morales","Athletics","608","7.1 %","21.7 %","0.33",".250",".308",".445",".753",".196","1.1",".278","-7.5","-1.6","-0.3","73","-0.7",".320","98","8610"
"Noah Syndergaard","Mets","13","23.1 %","38.5 %","0.60",".222",".417",".222",".639",".000","0.1",".500","","","0.0","2","0.0",".319","100","11762"
"Melky Cabrera","Pirates","666","5.4 %","11.1 %","0.49",".285",".324",".423",".746",".137","2.3",".299","-1.3","-1.4","-1.1","80","-0.9",".319","98","4022"
"Tzu-Wei Lin","Red Sox","66","13.6 %","25.8 %","0.53",".268",".369",".339",".709",".071","5.2",".385","-0.1","0.5","-0.3","8","-0.1",".319","93","14678"
"Ketel Marte","Diamondbacks","255","11.4 %","14.5 %","0.78",".260",".345",".395",".740",".135","4.7",".290","0.5","0.6","0.0","31","-0.4",".319","89","13613"
"Miguel Rojas","Marlins","306","8.8 %","10.5 %","0.84",".290",".361",".375",".736",".085","4.1",".324","0.5","-0.4","-0.2","37","-0.6",".318","98","7802"
"Christian Vazquez","Red Sox","345","4.9 %","18.6 %","0.27",".290",".330",".404",".735",".114","5.1",".348","-1.1","-1.6","0.3","41","-0.9",".318","92","9774"
"J.D. Davis","Mets","68","5.9 %","29.4 %","0.20",".226",".279",".484",".763",".258","3.2",".256","-0.2","-0.3","-0.3","8","-0.2",".318","101","16219"
"Daniel Descalso","Cubs","398","12.1 %","22.4 %","0.54",".233",".332",".395",".727",".163","5.8",".283","-0.2","0.3","0.5","47","-1.1",".318","88","8392"
"Nomar Mazara","Rangers","616","8.9 %","20.6 %","0.43",".253",".323",".422",".745",".170","2.6",".293","-1.9","0.5","-0.8","73","-1.8",".317","89","14553"
"Leury Garcia","White Sox","326","4.0 %","21.2 %","0.19",".270",".316",".423",".739",".153","5.4",".321","-0.5","0.6","-0.7","39","-1.1",".317","98","5913"
"Tucker Barnhart","Reds","423","9.9 %","16.1 %","0.62",".270",".347",".403",".750",".132","3.4",".312","-4.4","0.4","0.5","50","-1.5",".317","90","10200"
"Greg Garcia","Padres","290","12.8 %","22.1 %","0.58",".253",".365",".332",".697",".079","3.9",".335","1.1","0.4","-0.3","34","-1.1",".317","94","10951"
"Chad Pinder","Athletics","309","5.8 %","29.8 %","0.20",".238",".292",".457",".750",".220","3.5",".292","-3.0","0.0","-0.2","36","-1.2",".316","98","15191"
"C.J. Cron","Twins","373","5.9 %","25.7 %","0.23",".248",".305",".437",".741",".189","3.2",".296","-2.1","1.2","-0.5","44","-1.5",".316","99","12546"
"Luke Voit","Yankees","124","5.6 %","25.0 %","0.23",".246",".306",".430",".736",".184","2.3",".304","0.9","-0.2","-0.1","15","-0.5",".316","94","14811"
"James McCann","White Sox","391","6.6 %","22.8 %","0.29",".253",".318",".415",".733",".162","3.3",".300","-1.4","-0.4","0.0","46","-1.6",".316","95","12859"
"Hunter Renfroe","Padres","479","5.6 %","29.2 %","0.19",".231",".284",".467",".751",".236","3.2",".275","-1.3","1.6","0.4","56","-2.1",".316","94","15464"
"Yadier Molina","Cardinals","543","5.2 %","13.6 %","0.38",".273",".312",".439",".751",".166","3.9",".285","-3.9","-1.0","-0.2","64","-2.5",".316","93","7007"
"Randal Grichuk","Blue Jays","442","5.9 %","30.1 %","0.20",".238",".285",".473",".758",".235","5.2",".293","1.9","0.5","0.6","52","-2.0",".315","93","10243"
"Ben Gamel","Brewers","550","6.5 %","22.2 %","0.30",".275",".322",".413",".735",".138","4.9",".340","3.1","0.3","0.0","64","-2.6",".315","100","12160"
"Francisco Cervelli","Pirates","304","10.5 %","21.4 %","0.49",".249",".342",".370",".712",".121","2.9",".311","0.0","0.0","-1.1","36","-1.4",".315","93","5275"
"Jason Castro","Twins","407","11.1 %","26.5 %","0.42",".242",".333",".388",".720",".146","1.5",".318","-1.7","-0.4","-0.3","48","-2.0",".315","93","8722"
"Delino DeShields","Rangers","440","10.0 %","24.8 %","0.40",".269",".347",".367",".714",".098","7.1",".358","5.3","1.8","2.1","51","-2.2",".315","87","11379"
"Max Kepler","Twins","568","8.3 %","20.1 %","0.41",".243",".312",".425",".737",".182","4.2",".276","1.0","1.6","0.5","66","-2.9",".315","93","12144"
"Kole Calhoun","Angels","654","10.9 %","20.5 %","0.53",".244",".333",".392",".725",".148","3.7",".284","-1.4","0.8","0.1","76","-3.4",".315","98","11200"
"Marcus Semien","Athletics","386","9.8 %","22.0 %","0.45",".249",".325",".398",".722",".149","5.8",".300","1.8","1.5","1.7","45","-2.4",".314","96","12533"
"Chris Owings","Royals","386","4.4 %","22.5 %","0.20",".268",".299",".442",".741",".174","4.9",".318","-0.7","1.3","1.4","45","-2.4",".313","85","10030"
"Yolmer Sanchez","White Sox","534","6.6 %","20.8 %","0.32",".267",".319",".413",".732",".147","5.3",".321","1.7","-0.5","-2.5","61","-3.6",".313","95","11602"
"Jackie Bradley Jr.","Red Sox","541","8.9 %","22.9 %","0.39",".245",".323",".402",".726",".158","4.5",".294","3.4","1.6","0.0","62","-3.7",".313","89","12984"
"Miguel Cabrera","Tigers","529","10.2 %","20.8 %","0.49",".249",".329",".399",".728",".149","1.1",".292","-5.8","-1.5","-0.8","61","-3.7",".313","93","1744"
"Stephen Piscotty","Athletics","401","13.0 %","21.7 %","0.60",".235",".342",".367",".708",".132","2.7",".286","-1.1","-0.5","-2.2","46","-2.8",".313","91","13367"
"Ian Kinsler","Padres","613","9.0 %","14.0 %","0.64",".236",".313",".412",".725",".176","5.6",".244","1.7","-0.5","0.3","70","-4.3",".313","93","6195"
"Evan Longoria","Giants","677","6.8 %","16.1 %","0.42",".261",".313",".424",".737",".163","3.8",".282","1.4","-0.4","0.4","78","-4.8",".312","96","9368"
"Dee Gordon","Mariners","695","3.6 %","13.4 %","0.27",".308",".341",".375",".716",".067","8.5",".354","4.4","0.2","4.7","80","-5.0",".312","94","8203"
"Chris Davis","Orioles","524","11.6 %","37.2 %","0.31",".215",".309",".423",".732",".208","2.7",".301","-1.3","0.9","-0.5","60","-3.9",".312","92","9272"
"Byron Buxton","Twins","511","7.4 %","29.4 %","0.25",".253",".314",".413",".728",".160","8.2",".339","4.4","2.3","5.1","58","-4.0",".312","90","14161"
"Yangervis Solarte","Giants","512","7.2 %","11.9 %","0.61",".255",".314",".416",".731",".161","2.4",".258","-0.6","-2.8","0.3","58","-4.2",".311","91","5352"
"Jonathan Lucroy","Angels","481","9.6 %","10.6 %","0.90",".265",".345",".371",".716",".106","3.1",".286","0.2","-2.9","-0.1","55","-3.7",".311","81","7870"
"Jason Heyward","Cubs","481","8.5 %","13.9 %","0.61",".259",".326",".389",".715",".130","4.3",".284","0.2","0.2","-1.2","55","-4.1",".311","88","4940"
"Enrique Hernandez","Dodgers","342","12.0 %","23.4 %","0.51",".215",".308",".421",".729",".205","5.1",".254","1.8","1.1","0.4","39","-3.1",".310","92","10472"
"Manuel Margot","Padres","529","6.6 %","20.0 %","0.33",".263",".313",".409",".721",".146","6.1",".309","0.6","0.3","0.1","59","-5.1",".309","90","14712"
"Orlando Arcia","Brewers","548","6.6 %","18.2 %","0.36",".277",".324",".407",".731",".130","4.1",".317","1.5","-0.5","-0.5","61","-5.4",".309","86","13185"
"Jorge Polanco","Twins","544","7.5 %","14.3 %","0.53",".256",".313",".410",".723",".154","4.9",".278","1.7","1.8","0.2","61","-5.3",".309","89","13152"
"Brian Anderson","Marlins","95","10.5 %","29.5 %","0.36",".262",".337",".369",".706",".107","3.7",".386","0.2","0.2","-0.1","11","-0.9",".309","92","18289"
"Adam Wainwright","Cardinals","50","2.0 %","30.0 %","0.07",".262",".279",".452",".731",".190","2.6",".360","","","0.0","6","-0.5",".308","89","2233"
"Travis d'Arnaud","Mets","376","6.1 %","15.7 %","0.39",".244",".293",".443",".735",".198","1.6",".250","-0.2","-1.7","-0.2","42","-4.1",".308","92","7739"
"Keon Broxton","Mets","463","8.6 %","37.8 %","0.23",".220",".299",".420",".719",".200","7.4",".323","-0.7","1.3","1.0","51","-5.1",".308","85","9253"
"Devon Travis","Blue Jays","197","3.6 %","19.3 %","0.18",".259",".291",".438",".729",".178","4.1",".299","0.3","-0.3","-0.1","22","-2.2",".308","90","13862"
"Yan Gomes","Nationals","383","8.1 %","25.8 %","0.31",".232",".309",".399",".708",".167","1.4",".283","0.8","-0.4","-0.2","42","-4.5",".307","85","9627"
"Logan Forsythe","Rangers","439","15.7 %","24.8 %","0.63",".224",".351",".327",".678",".102","2.8",".299","2.3","-0.9","-0.6","48","-5.2",".307","90","7185"
"Wilson Ramos","Mets","224","4.5 %","16.1 %","0.28",".260",".290",".447",".737",".188","0.5",".262","-1.0","-2.0","-0.1","25","-2.7",".307","92","1433"
"Yandy Diaz","Rays","179","11.7 %","19.6 %","0.60",".263",".352",".327",".679",".064","5.4",".336","0.1","0.3","0.3","20","-2.3",".306","84","16578"
"Ian Desmond","Rockies","373","6.4 %","23.3 %","0.28",".274",".326",".375",".701",".100","5.6",".345","1.0","-1.4","1.1","40","-5.2",".305","69","6885"
"Trevor Cahill","Angels","18","5.6 %","22.2 %","0.25",".286",".333",".357",".690",".071","0.8",".400","","","0.0","2","-0.2",".304","90","6249"
"Hunter Pence","Rangers","539","7.4 %","18.9 %","0.39",".260",".315",".385",".701",".126","3.6",".301","2.7","1.2","-1.2","58","-8.1",".303","86","8252"
"Kevin Pillar","Giants","632","5.2 %","15.0 %","0.35",".256",".300",".404",".704",".148","4.4",".280","1.0","-0.1","0.1","67","-9.9",".302","86","12434"
"Ehire Adrianza","Twins","186","8.6 %","13.4 %","0.64",".265",".324",".383",".707",".117","7.8",".291","1.4","1.1","1.1","20","-3.0",".302","84","8418"
"Ben Zobrist","Cubs","496","10.9 %","14.3 %","0.76",".232",".318",".375",".693",".143","3.6",".251","-0.7","-0.5","-0.8","52","-8.1",".302","82","7435"
"Brandon Crawford","Giants","570","7.4 %","19.8 %","0.37",".253",".305",".403",".709",".151","2.5",".293","0.6","-0.4","-1.8","60","-9.5",".301","85","5343"
"Madison Bumgarner","Giants","36","5.6 %","30.6 %","0.18",".206",".250",".471",".721",".265","0.6",".200","","","0.0","4","-0.6",".301","85","5524"
"Mallex Smith","Mariners","282","8.2 %","22.0 %","0.37",".270",".329",".355",".684",".086","7.2",".347","1.4","0.9","0.9","30","-4.8",".301","88","13608"
"Nick Ahmed","Diamondbacks","178","5.6 %","21.9 %","0.26",".251",".298",".419",".717",".168","4.8",".295","1.1","-0.6","-1.2","19","-3.1",".300","76","12147"
"Jason Kipnis","Indians","373","7.5 %","19.0 %","0.39",".232",".291",".414",".705",".182","3.8",".256","1.6","2.0","0.2","39","-6.5",".300","81","9776"
"Kevan Smith","Angels","294","3.1 %","15.6 %","0.20",".283",".309",".388",".697",".105","0.9",".323","-1.7","-0.7","-0.2","31","-5.2",".300","86","12284"
"Caleb Joseph","Diamondbacks","266","3.8 %","27.1 %","0.14",".256",".287",".413",".700",".157","2.4",".328","0.1","-0.3","-0.1","27","-5.0",".299","83","7087"
"Clint Frazier","Yankees","142","4.9 %","30.3 %","0.16",".231",".268",".448",".715",".216","6.1",".307","0.1","0.3","0.1","15","-2.7",".298","82","15983"
"Hernan Perez","Brewers","458","4.4 %","17.2 %","0.25",".259",".289",".414",".704",".155","5.3",".286","1.3","0.3","0.7","47","-8.9",".298","79","5751"
"Freddy Galvis","Blue Jays","663","6.8 %","16.7 %","0.41",".255",".309",".382",".690",".127","5.3",".292","-0.4","1.0","0.3","68","-13.0",".298","80","6609"
"Gregory Polanco","Pirates","411","6.6 %","14.6 %","0.45",".251",".305",".391",".695",".140","3.7",".272","1.3","0.8","0.9","42","-8.2",".297","81","12907"
"Ildemaro Vargas","Diamondbacks","13","0.0 %","23.1 %","0.00",".308",".308",".385",".692",".077","2.6",".400","0.0","-0.3","0.0","1","-0.3",".297","74","13324"
"Jesus Sucre","Orioles","192","3.6 %","18.2 %","0.20",".256",".289",".409",".699",".153","3.5",".275","0.1","-1.0","0.3","19","-4.0",".296","85","5942"
"Jarrod Dyson","Diamondbacks","390","7.2 %","14.1 %","0.51",".251",".324",".350",".674",".098","7.5",".285","2.5","0.7","2.4","39","-8.2",".296","87","4866"
"Tyler Austin","Giants","46","8.7 %","37.0 %","0.24",".225",".283",".425",".708",".200","0.7",".304","-0.2","-0.1","0.0","5","-1.0",".295","80","11850"
"Mark Trumbo","Orioles","603","7.0 %","24.7 %","0.28",".234",".289",".397",".686",".163","2.5",".278","-0.4","-0.4","-0.1","60","-13.2",".295","81","6876"
"Mike Tauchman","Yankees","32","15.6 %","31.3 %","0.50",".222",".344",".296",".640",".074","5.0",".353","0.1","-0.1","-0.7","3","-0.7",".294","62","15274"
"Wilmer Difo","Nationals","365","6.6 %","20.3 %","0.32",".271",".319",".370",".690",".099","6.9",".332","2.1","0.0","1.3","36","-8.5",".293","75","14320"
"Michael Pineda","Twins","4","0.0 %","50.0 %","0.00",".333",".333",".333",".667",".000","0.1","1.000","","","0.0","0","-0.1",".292","78","5372"
"Jake Odorizzi","Twins","4","0.0 %","0.0 %","0.00",".333",".333",".333",".667",".000","0.1",".333","","","0.0","0","-0.1",".292","82","6397"
"Matthew Boyd","Tigers","3","0.0 %","0.0 %","0.00",".333",".333",".333",".667",".000","0.1",".333","","","0.0","0","-0.1",".292","79","15440"
"Maikel Franco","Phillies","623","6.6 %","15.2 %","0.43",".230",".281",".409",".690",".179","1.5",".234","-0.5","-2.3","-0.3","61","-15.3",".292","76","12179"
"Erik Gonzalez","Pirates","115","2.6 %","32.2 %","0.08",".255",".272",".418",".690",".164","3.8",".343","0.3","0.4","-0.7","11","-2.9",".291","74","13369"
"Aledmys Diaz","Astros","301","4.3 %","14.0 %","0.31",".259",".290",".392",".682",".133","3.5",".282","-0.2","-1.2","0.2","29","-7.6",".291","77","15937"
"Roberto Perez","Indians","248","10.5 %","28.6 %","0.37",".207",".291",".373",".664",".166","1.3",".266","-1.5","0.6","-0.6","24","-6.6",".289","73","2900"
"Nick Hundley","Athletics","303","4.0 %","26.7 %","0.15",".244",".272",".418",".691",".174","1.1",".307","-1.4","0.6","-0.1","29","-8.2",".289","77","3376"
"Tim Anderson","White Sox","606","2.1 %","26.7 %","0.08",".257",".276",".402",".679",".145","6.2",".328","1.3","0.1","2.3","57","-16.6",".288","78","15172"
"Guillermo Heredia","Rays","426","6.3 %","15.0 %","0.42",".249",".315",".337",".652",".088","2.2",".284","1.0","-0.1","-2.2","40","-11.9",".288","81","18721"
"Jonathan Villar","Orioles","436","6.9 %","30.3 %","0.23",".241",".293",".372",".665",".132","5.4",".330","0.8","0.8","1.0","41","-12.4",".287","72","10071"
"Juan Lagares","Mets","272","5.1 %","20.6 %","0.25",".250",".296",".365",".661",".115","6.2",".309","2.7","0.0","0.0","25","-7.8",".287","78","5384"
"Albert Pujols","Angels","636","5.8 %","14.6 %","0.40",".241",".286",".386",".672",".145","2.1",".249","-3.8","-2.8","0.3","59","-18.8",".286","78","1177"
"Daniel Robertson","Rays","254","11.4 %","28.7 %","0.40",".206",".308",".326",".634",".119","3.6",".282","-0.9","-0.4","-0.4","23","-8.0",".284","76","14145"
"Jose Iglesias","Reds","489","4.3 %","13.3 %","0.32",".255",".288",".369",".657",".114","4.2",".285","1.9","1.2","-0.5","44","-15.5",".283","73","10231"
"Amed Rosario","Mets","170","1.8 %","28.8 %","0.06",".248",".271",".394",".665",".145","7.0",".330","0.0","-0.2","0.0","15","-5.5",".282","75","15518"
"Dominic Smith","Mets","183","7.7 %","26.8 %","0.29",".198",".262",".395",".658",".198","0.8",".218","-0.5","-0.5","-0.1","16","-6.2",".281","75","15653"
"Kyle Farmer","Reds","20","0.0 %","15.0 %","0.00",".300",".300",".350",".650",".050","0.6",".353","-0.3","-0.3","0.0","2","-0.7",".281","73","14813"
"Max Moroff","Indians","140","11.4 %","30.7 %","0.37",".200",".302",".325",".627",".125","4.5",".280","0.3","0.8","-0.5","12","-4.8",".280","70","14556"
"Peter Bourjos","Angels","203","5.9 %","26.1 %","0.23",".223",".272",".383",".655",".160","7.1",".282","0.9","0.7","-0.8","18","-7.0",".280","74","2578"
"Sandy Leon","Red Sox","301","8.3 %","24.6 %","0.34",".225",".290",".354",".644",".129","1.5",".280","-4.0","0.5","-0.2","26","-10.5",".279","66","5273"
"Martin Maldonado","Royals","471","3.2 %","25.3 %","0.13",".221",".276",".368",".645",".147","2.3",".273","-0.7","-0.9","-1.1","41","-16.7",".279","73","6887"
"Billy Hamilton","Royals","633","7.0 %","21.0 %","0.33",".247",".299",".335",".634",".088","9.0",".313","3.0","0.5","5.9","54","-22.9",".278","65","10199"
"Austin Hedges","Padres","417","5.5 %","29.3 %","0.19",".214",".262",".398",".660",".183","2.7",".260","-0.7","-0.5","0.2","36","-15.2",".278","69","12976"
"Mitch Garver","Twins","52","11.5 %","28.8 %","0.40",".196",".288",".348",".636",".152","4.1",".290","0.2","0.0","0.0","4","-1.9",".277","67","15161"
"Jordan Montgomery","Yankees","5","40.0 %","40.0 %","1.00",".000",".400",".000",".400",".000","0.1",".000","","","0.0","0","-0.2",".277","68","16511"
"Renato Nunez","Orioles","16","6.3 %","50.0 %","0.13",".200",".250",".400",".650",".200","0.1",".333","0.0","0.2","0.0","1","-0.6",".277","71","14503"
"Dansby Swanson","Braves","551","10.7 %","21.8 %","0.49",".232",".312",".324",".636",".092","3.2",".292","1.0","1.6","-1.0","46","-21.0",".276","64","18314"
"Mark Canha","Athletics","187","3.7 %","29.9 %","0.13",".208",".262",".382",".644",".173","5.0",".274","-0.5","-0.2","0.3","16","-7.1",".276","70","11445"
"Martin Prado","Marlins","147","4.1 %","15.0 %","0.27",".250",".279",".357",".636",".107","1.3",".282","-0.5","-0.7","-0.1","12","-5.8",".274","69","3312"
"Tony Wolters","Rockies","266","12.4 %","20.7 %","0.60",".240",".341",".284",".625",".044","2.7",".316","0.4","-1.1","-0.6","22","-10.6",".274","49","11470"
"Matt Wieters","Cardinals","465","8.2 %","20.2 %","0.40",".225",".288",".344",".632",".118","2.0",".264","-3.2","-0.9","-0.1","38","-18.9",".273","62","4298"
"Jose Peraza","Reds","518","3.9 %","13.5 %","0.29",".259",".297",".324",".622",".066","5.8",".293","1.5","0.4","0.9","42","-21.1",".273","61","13593"
"Chris Herrmann","Athletics","256","11.3 %","26.2 %","0.43",".181",".273",".345",".619",".164","5.0",".207","0.4","1.2","0.9","21","-10.6",".272","58","9284"
"Greg Allen","Indians","39","5.1 %","20.5 %","0.25",".229",".282",".343",".625",".114","5.9",".259","0.0","0.3","0.2","3","-1.6",".271","61","16623"
"Pablo Sandoval","Giants","279","5.7 %","19.0 %","0.30",".220",".265",".367",".632",".147","1.6",".240","0.3","-1.7","-0.6","22","-11.7",".271","63","5409"
"Joey Rickard","Orioles","277","3.2 %","22.7 %","0.14",".241",".276",".345",".621",".103","5.0",".303","1.5","0.0","1.0","22","-12.0",".269","63","13277"
"Alex Gordon","Royals","541","8.3 %","23.3 %","0.36",".208",".293",".315",".608",".107","4.3",".261","0.6","0.9","-0.6","42","-23.5",".269","62","5209"
"Ryan McMahon","Rockies","24","20.8 %","20.8 %","1.00",".158",".333",".211",".544",".053","1.1",".214","-0.1","0.0","0.0","2","-1.1",".269","46","15112"
"Drew Butera","Rockies","177","6.8 %","23.2 %","0.29",".227",".284",".319",".603",".092","2.8",".286","0.5","1.0","-0.1","13","-8.1",".266","60","3411"
"Jeff Mathis","Rangers","203","6.9 %","30.0 %","0.23",".215",".277",".323",".600",".108","4.3",".309","0.1","-0.6","0.1","15","-10.1",".262","51","3448"
"Alen Hanson","Blue Jays","234","5.1 %","22.2 %","0.23",".221",".262",".346",".607",".124","8.2",".268","0.9","-0.3","0.8","17","-11.9",".261","59","12926"
"Rio Ruiz","Orioles","173","11.0 %","23.7 %","0.46",".193",".283",".307",".590",".113","3.6",".231","0.4","0.0","0.1","12","-8.8",".261","54","14103"
"Richard Urena","Blue Jays","75","8.0 %","37.3 %","0.21",".206",".270",".309",".579",".103","3.6",".333","0.0","0.4","0.2","5","-4.1",".256","55","16411"
"Josh Phegley","Athletics","161","5.6 %","16.1 %","0.35",".201",".255",".336",".590",".134","2.0",".223","-0.8","-0.1","-0.5","11","-8.8",".256","57","9308"
"Danny Santana","Rangers","178","4.5 %","23.0 %","0.20",".202",".243",".357",".600",".155","8.0",".244","0.3","0.5","1.3","12","-10.1",".254","50","10322"
"Robbie Ray","Diamondbacks","61","4.9 %","37.7 %","0.13",".245",".286",".283",".569",".038","1.5",".433","","","0.0","4","-3.5",".253","46","11486"
"Elias Diaz","Pirates","200","5.5 %","19.0 %","0.29",".223",".265",".314",".579",".090","3.0",".273","-1.7","-1.1","0.1","13","-11.5",".253","52","11680"
"Austin Romine","Yankees","252","6.3 %","22.6 %","0.28",".218",".272",".293",".565",".074","2.2",".277","-0.6","-0.6","-0.1","16","-15.1",".250","49","5491"
"Daniel Vogelbach","Mariners","31","9.7 %","29.0 %","0.33",".214",".290",".250",".540",".036","0.1",".316","-0.7","-0.2","0.0","2","-1.9",".248","54","14130"
"Homer Bailey","Royals","35","0.0 %","31.4 %","0.00",".250",".250",".321",".571",".071","2.6",".412","","","0.0","2","-2.3",".245","43","8362"
"Giovanny Urshela","Yankees","165","4.8 %","13.3 %","0.36",".224",".262",".288",".551",".064","1.5",".256","-1.3","-0.7","-0.1","9","-10.9",".243","41","10681"
"Jurickson Profar","Athletics","70","12.9 %","20.0 %","0.64",".172",".294",".207",".501",".034","3.6",".227","0.6","0.4","-0.3","4","-4.7",".242","37","10815"
"Alex Verdugo","Dodgers","25","8.0 %","16.0 %","0.50",".174",".240",".304",".544",".130","1.6",".167","-0.1","-0.2","-0.4","1","-1.7",".240","46","17027"
"Taijuan Walker","Diamondbacks","54","1.9 %","35.2 %","0.05",".231",".245",".308",".553",".077","2.1",".344","","","0.0","3","-3.7",".239","36","11836"
"Vince Velasquez","Phillies","25","4.0 %","16.0 %","0.25",".250",".280",".250",".530",".000","0.4",".300","","","0.0","1","-1.7",".238","41","11189"
"Michael Lorenzen","Reds","12","0.0 %","41.7 %","0.00",".167",".167",".417",".583",".250","0.1",".167","","","0.0","1","-0.8",".238","39","14843"
"Jordan Lyles","Pirates","14","7.1 %","42.9 %","0.17",".231",".286",".231",".516",".000","1.1",".429","","","0.0","1","-1.0",".237","37","7593"
"Wily Peralta","Royals","15","6.7 %","26.7 %","0.25",".231",".286",".231",".516",".000","0.1",".333","","","0.0","1","-1.1",".237","39","7738"
"Travis Jankowski","Padres","87","10.3 %","32.2 %","0.32",".187",".282",".213",".496",".027","6.1",".298","0.5","0.2","0.7","4","-6.3",".235","41","13768"
"Shelby Miller","Rangers","9","22.2 %","33.3 %","0.67",".000",".333",".000",".333",".000","2.6",".000","","","0.0","0","-0.7",".234","33","10197"
"Charlie Culberson","Braves","15","13.3 %","26.7 %","0.50",".154",".267",".231",".497",".077","0.1",".222","0.0","-0.4","0.0","1","-1.1",".233","41","3298"
"Adam Engel","White Sox","336","5.7 %","34.8 %","0.16",".166",".235",".282",".517",".116","7.4",".247","1.4","1.9","1.0","15","-25.9",".230","38","15082"
"Taylor Davis","Cubs","13","0.0 %","30.8 %","0.00",".231",".231",".308",".538",".077","1.6",".333","0.1","0.1","0.0","1","-1.0",".230","35","12782"
"Steven Brault","Pirates","13","0.0 %","0.0 %","0.00",".231",".231",".308",".538",".077","2.6",".231","","","0.0","1","-1.0",".230","37","15291"
"Zack Greinke","Diamondbacks","70","2.9 %","25.7 %","0.11",".210",".246",".274",".520",".065","1.2",".295","","","0.0","3","-5.4",".230","30","1943"
"JaCoby Jones","Tigers","154","5.8 %","42.2 %","0.14",".170",".240",".270",".510",".099","6.9",".288","-0.3","-0.2","0.3","7","-12.0",".229","35","14818"
"Tyler Naquin","Indians","40","5.0 %","22.5 %","0.22",".216",".250",".270",".520",".054","3.1",".276","0.5","0.2","-0.4","2","-3.1",".228","31","13359"
"Jorge Soler","Royals","110","10.9 %","32.7 %","0.33",".144",".245",".258",".503",".113","0.8",".203","-0.3","-0.6","0.0","5","-8.8",".226","32","14221"
"Tony Kemp","Astros","39","2.6 %","12.8 %","0.20",".216",".256",".243",".500",".027","5.9",".250","-0.1","0.2","0.2","2","-3.1",".225","37","14894"
"Lewis Brinson","Marlins","55","12.7 %","30.9 %","0.41",".106",".236",".277",".513",".170","5.6",".107","-0.1","0.2","0.2","2","-4.5",".225","31","14352"
"Leonys Martin","Indians","138","5.8 %","23.9 %","0.24",".172",".232",".281",".513",".109","6.9",".207","0.5","0.1","-0.4","5","-11.3",".224","36","11846"
"Tyler Saladino","Brewers","281","8.2 %","23.8 %","0.34",".178",".254",".229",".484",".051","5.0",".242","0.9","0.1","-0.8","11","-23.3",".223","33","10807"
"Brandon Woodruff","Brewers","12","8.3 %","16.7 %","0.50",".200",".273",".200",".473",".000","2.6",".250","","","0.0","0","-1.0",".222","29","16162"
"Chris Archer","Pirates","8","0.0 %","37.5 %","0.00",".250",".250",".250",".500",".000","2.6",".400","","","0.0","0","-0.7",".219","32","6345"
"Jason Vargas","Mets","4","0.0 %","25.0 %","0.00",".250",".250",".250",".500",".000","0.1",".333","","","0.0","0","-0.3",".219","28","8044"
"Wade Miley","Astros","4","0.0 %","25.0 %","0.00",".250",".250",".250",".500",".000","0.1",".333","","","0.0","0","-0.3",".219","29","8779"
"Archie Bradley","Diamondbacks","4","0.0 %","50.0 %","0.00",".250",".250",".250",".500",".000","0.1",".500","","","0.0","0","-0.3",".219","23","12918"
"Ervin Santana","White Sox","10","0.0 %","30.0 %","0.00",".200",".200",".300",".500",".100","2.6",".286","","","0.0","0","-0.9",".211","21","3200"
"Carson Kelly","Diamondbacks","75","6.7 %","14.7 %","0.45",".174",".240",".217",".457",".043","1.4",".207","0.0","-0.3","0.0","2","-7.0",".210","24","13620"
"Robert Gsellman","Mets","44","13.6 %","31.8 %","0.43",".147",".268",".147",".415",".000","0.7",".238","","","0.0","1","-4.2",".208","27","13696"
"Jhoulys Chacin","Brewers","61","0.0 %","18.0 %","0.00",".222",".222",".259",".481",".037","2.9",".279","","","0.2","2","-5.8",".208","24","2608"
"Clayton Kershaw","Dodgers","59","6.8 %","22.0 %","0.31",".184",".245",".204",".449",".020","2.4",".250","","","0.0","2","-5.6",".208","25","2036"
"Adalberto Mondesi","Royals","60","5.0 %","36.7 %","0.14",".170",".214",".245",".460",".075","5.0",".267","0.3","-0.1","0.1","1","-5.9",".204","17","13769"
"Tyler Wade","Yankees","63","7.9 %","30.2 %","0.26",".155",".222",".224",".446",".069","4.5",".231","0.5","0.2","-0.2","1","-6.3",".203","17","15730"
"Tyler Mahle","Reds","8","0.0 %","25.0 %","0.00",".143",".250",".143",".393",".000","2.6",".200","","","0.0","0","-0.8",".200","14","16358"
"Rocky Gale","Dodgers","10","0.0 %","20.0 %","0.00",".100",".100",".400",".500",".300","0.1",".000","0.0","0.0","0.0","0","-1.0",".198","17","10533"
"Zach Davies","Brewers","69","10.1 %","21.7 %","0.47",".125",".236",".167",".403",".042","2.6",".182","","","0.0","1","-7.2",".197","12","13183"
"Brett Anderson","Athletics","8","12.5 %","37.5 %","0.33",".143",".250",".143",".393",".000","0.1",".250","","","0.0","0","-0.8",".196","13","8223"
"Joe Ross","Nationals","37","2.7 %","43.2 %","0.06",".182",".206",".242",".448",".061","0.4",".353","","","0.0","1","-3.9",".196","11","12972"
"Hyun-Jin Ryu","Dodgers","38","7.9 %","47.4 %","0.17",".133",".235",".167",".402",".033","2.2",".333","","","0.0","1","-4.0",".196","17","14444"
"Max Scherzer","Nationals","72","5.6 %","22.2 %","0.25",".161",".212",".210",".422",".048","1.0",".200","","","0.0","1","-7.9",".192","8","3137"
"Mike Leake","Mariners","55","5.5 %","27.3 %","0.20",".170",".220",".191",".411",".021","0.7",".250","","","0.0","1","-6.1",".189","10","10130"
"Gordon Beckham","Tigers","18","5.6 %","11.1 %","0.50",".176",".222",".176",".399",".000","6.8",".200","0.3","-0.3","0.2","0","-2.1",".185","10","9015"
"Seth Lugo","Mets","34","0.0 %","29.4 %","0.00",".138",".138",".310",".448",".172","2.6",".167","","","0.0","0","-3.9",".183","11","12447"
"Edinson Volquez","Rangers","30","3.3 %","36.7 %","0.09",".192",".214",".192",".407",".000","0.1",".313","","","0.0","0","-3.5",".181","8","3990"
"Pedro Severino","Orioles","31","6.5 %","32.3 %","0.20",".172",".226",".207",".433",".034","0.1",".263","-0.1","0.1","0.0","0","-3.7",".181","1","14523"
"Gerrit Cole","Astros","68","1.5 %","30.9 %","0.05",".164",".179",".236",".415",".073","0.9",".242","","","0.0","0","-8.1",".179","4","13125"
"Luke Maile","Blue Jays","136","2.2 %","25.7 %","0.09",".146",".176",".231",".407",".085","4.0",".181","0.5","0.1","0.2","0","-16.4",".178","1","13355"
"Patrick Corbin","Nationals","70","8.6 %","40.0 %","0.21",".125",".210",".161",".370",".036","4.9",".250","","","0.0","0","-8.5",".177","-5","9323"
"Brent Suter","Brewers","21","0.0 %","38.1 %","0.00",".167",".211",".167",".377",".000","1.6",".300","","","0.0","0","-2.6",".176","-1","13942"
"John Ryan Murphy","Diamondbacks","7","0.0 %","14.3 %","0.00",".143",".143",".286",".429",".143","0.1",".167","0.0","-0.3","0.0","0","-0.9",".176","-5","10346"
"Sam Gaviglio","Blue Jays","5","0.0 %","40.0 %","0.00",".200",".200",".200",".400",".000","2.6",".333","","","0.0","0","-0.6",".175","4","12778"
"Jose Berrios","Twins","5","0.0 %","40.0 %","0.00",".200",".200",".200",".400",".000","0.1",".333","","","0.0","0","-0.6",".175","-3","14168"
"Daniel Gossett","Athletics","7","0.0 %","57.1 %","0.00",".200",".200",".200",".400",".000","2.6","1.000","","","0.0","0","-0.9",".175","2","16164"
"Stephen Strasburg","Nationals","60","3.3 %","23.3 %","0.14",".130",".161",".241",".401",".111","2.2",".132","","","0.0","0","-7.5",".174","-3","10131"
"CC Sabathia","Yankees","4","25.0 %","50.0 %","0.50",".000",".250",".000",".250",".000","0.1",".000","","","0.0","0","-0.5",".173","-3","404"
"Felix Pena","Angels","4","25.0 %","25.0 %","1.00",".000",".250",".000",".250",".000","0.1",".000","","","0.0","0","-0.5",".173","-2","13403"
"Sean Manaea","Athletics","5","20.0 %","40.0 %","0.50",".000",".250",".000",".250",".000","0.1",".000","","","0.0","0","-0.6",".173","0","15873"
"Luis Perdomo","Padres","53","1.9 %","37.7 %","0.05",".109",".128",".304",".432",".196","5.1",".192","","","0.0","0","-6.6",".173","1","14682"
"German Marquez","Rockies","53","0.0 %","34.0 %","0.00",".178",".178",".222",".400",".044","2.6",".296","","","0.0","0","-6.7",".172","-18","15038"
"Luke Weaver","Diamondbacks","23","4.3 %","39.1 %","0.11",".158",".200",".158",".358",".000","2.6",".300","","","0.0","0","-3.0",".166","-5","16918"
"Phil Gosselin","Phillies","50","4.0 %","24.0 %","0.17",".146",".180",".188",".368",".042","2.8",".194","0.1","0.1","-0.4","0","-6.6",".165","-7","10953"
"Mike Freeman","Indians","66","9.1 %","28.8 %","0.32",".100",".182",".183",".365",".083","2.4",".125","0.3","0.0","0.0","-1","-8.9",".162","-6","11241"
"Jeremy Hellickson","Nationals","39","7.7 %","23.1 %","0.33",".091",".167",".182",".348",".091","3.1",".125","","","0.0","-1","-5.3",".159","-10","4371"
"Tyler Chatwood","Cubs","47","2.1 %","19.1 %","0.11",".154",".175",".179",".354",".026","2.6",".200","","","0.0","-1","-6.5",".158","-27","4338"
"Adam Conley","Marlins","32","6.3 %","43.8 %","0.14",".125",".192",".125",".317",".000","2.6",".300","","","0.0","-1","-4.5",".154","-9","14457"
"Mark Zagunis","Cubs","18","22.2 %","33.3 %","0.67",".000",".222",".000",".222",".000","5.0",".000","0.1","0.0","0.4","0","-2.5",".154","-14","16565"
"Jake Arrieta","Phillies","64","1.6 %","50.0 %","0.03",".131",".145",".213",".358",".082","2.8",".250","","","0.0","-1","-9.1",".153","-15","4153"
"Jerad Eickhoff","Phillies","34","0.0 %","38.2 %","0.00",".161",".161",".194",".355",".032","2.6",".278","","","0.0","-1","-4.8",".153","-15","12664"
"Jordan Zimmermann","Tigers","6","0.0 %","16.7 %","0.00",".167",".167",".167",".333",".000","0.1",".200","","","0.0","0","-0.9",".146","-21","4505"
"Justin Verlander","Astros","6","0.0 %","66.7 %","0.00",".167",".167",".167",".333",".000","0.1",".500","","","0.0","0","-0.9",".146","-21","8700"
"Andrew Cashner","Orioles","7","0.0 %","28.6 %","0.00",".200",".167",".200",".367",".000","0.1",".250","","","0.0","0","-1.0",".146","-28","8782"
"Julio Urias","Dodgers","7","0.0 %","57.1 %","0.00",".167",".167",".167",".333",".000","0.1",".500","","","0.0","0","-1.0",".146","-16","14765"
"Julio Teheran","Braves","72","1.4 %","23.6 %","0.06",".140",".167",".140",".307",".000","2.3",".195","","","0.0","-2","-11.0",".140","-25","6797"
"Carlos Carrasco","Indians","5","20.0 %","20.0 %","1.00",".000",".200",".000",".200",".000","2.6",".000","","","0.0","0","-0.8",".139","-30","6632"
"Terrance Gore","Royals","5","20.0 %","40.0 %","0.50",".000",".200",".000",".200",".000","5.5",".000","0.2","0.1","-0.4","0","-0.8",".139","-27","13658"
"Jameson Taillon","Pirates","43","0.0 %","34.9 %","0.00",".158",".158",".158",".316",".000","1.6",".261","","","0.0","-1","-6.6",".138","-23","11674"
"Francisco Mejia","Padres","14","7.1 %","21.4 %","0.33",".154",".214",".154",".368",".000","1.6",".200","0.4","0.1","0.0","0","-2.2",".135","-32","16403"
"Chad Bettis","Rockies","15","6.7 %","40.0 %","0.17",".091",".167",".091",".258",".000","2.6",".200","","","0.0","-1","-2.4",".131","-45","10587"
"Josh Tomlin","Braves","7","0.0 %","42.9 %","0.00",".143",".143",".143",".286",".000","0.1",".250","","","0.0","0","-1.2",".125","-39","9388"
"Steven Matz","Mets","24","0.0 %","29.2 %","0.00",".143",".143",".143",".286",".000","1.6",".214","","","0.0","-1","-4.0",".125","-28","13361"
"Chris Stratton","Angels","16","0.0 %","18.8 %","0.00",".143",".143",".143",".286",".000","2.6",".182","","","0.0","-1","-2.6",".125","-31","13761"
"Zach Eflin","Phillies","22","0.0 %","59.1 %","0.00",".143",".143",".143",".286",".000","1.6",".375","","","0.0","-1","-3.6",".125","-33","13774"
"Chase Anderson","Brewers","55","0.0 %","52.7 %","0.00",".135",".135",".154",".288",".019","0.4",".304","","","0.0","-2","-9.1",".125","-35","6895"
"Kenta Maeda","Dodgers","44","0.0 %","6.8 %","0.00",".128",".128",".154",".282",".026","2.0",".139","","","0.0","-2","-7.4",".122","-32","18498"
"Aaron Nola","Phillies","54","7.4 %","46.3 %","0.16",".083",".154",".083",".237",".000","1.9",".174","","","0.0","-3","-9.1",".121","-36","16149"
"Antonio Senzatela","Rockies","39","0.0 %","51.3 %","0.00",".125",".125",".156",".281",".031","1.1",".333","","","0.0","-2","-6.6",".121","-51","15488"
"Chad Kuhl","Pirates","52","1.9 %","30.8 %","0.06",".104",".122",".146",".268",".042","1.6",".156","","","0.0","-3","-8.9",".118","-36","14975"
"Jon Gray","Rockies","43","2.3 %","62.8 %","0.04",".079",".103",".158",".260",".079","2.6",".200","","","0.0","-2","-7.5",".113","-56","14916"
"Jeff Samardzija","Giants","67","0.0 %","37.3 %","0.00",".094",".094",".172",".266",".078","2.0",".132","","","0.0","-4","-11.9",".111","-40","3254"
"Wei-Yin Chen","Marlins","8","0.0 %","37.5 %","0.00",".125",".125",".125",".250",".000","0.1",".200","","","0.0","0","-1.4",".110","-39","13071"
"Lance Lynn","Rangers","61","1.6 %","41.0 %","0.04",".074",".107",".111",".218",".037","2.0",".138","","","0.0","-4","-11.3",".101","-48","2520"
"Zack Wheeler","Mets","29","3.4 %","41.4 %","0.08",".074",".107",".111",".218",".037","1.6",".133","","","0.0","-2","-5.4",".100","-44","10310"
"Jose Urena","Marlins","56","0.0 %","50.0 %","0.00",".104",".104",".125",".229",".021","2.6",".250","","","0.0","-4","-10.5",".099","-46","11589"
"Tanner Roark","Reds","63","1.6 %","34.9 %","0.05",".091",".107",".109",".216",".018","0.6",".152","","","0.0","-4","-11.9",".097","-54","8753"
"Kyle Hendricks","Cubs","51","0.0 %","54.9 %","0.00",".100",".100",".120",".220",".020","2.6",".227","","","0.0","-4","-9.7",".095","-53","12049"
"Jose Quintana","Cubs","33","3.0 %","51.5 %","0.06",".080",".111",".080",".191",".000","2.6",".222","","","0.0","-2","-6.3",".091","-52","11423"
"Jeff Hoffman","Rockies","36","0.0 %","47.2 %","0.00",".091",".091",".121",".212",".030","1.6",".188","","","0.0","-3","-7.0",".090","-71","17432"
"Johnny Cueto","Giants","52","1.9 %","28.8 %","0.07",".087",".104",".087",".191",".000","2.6",".125","","","0.0","-4","-10.2",".087","-55","6893"
"Niko Goodrum","Tigers","18","5.6 %","55.6 %","0.10",".059",".111",".059",".170",".000","2.6",".143","0.1","0.1","0.0","-1","-3.5",".087","-63","12092"
"Yu Darvish","Cubs","20","5.0 %","70.0 %","0.07",".059",".111",".059",".170",".000","0.1",".333","","","0.0","-2","-3.9",".087","-54","13074"
"Max Fried","Braves","9","11.1 %","33.3 %","0.33",".000",".125",".000",".125",".000","2.6",".000","","","0.0","-1","-1.8",".087","-60","13743"
"Luis Castillo","Reds","33","3.0 %","33.3 %","0.09",".069",".100",".069",".169",".000","0.1",".111","","","0.0","-3","-6.7",".082","-64","15689"
"Dan Straily","Orioles","64","1.6 %","51.6 %","0.03",".073",".089",".091",".180",".018","2.0",".182","","","0.0","-5","-12.9",".081","-57","9460"
"Chad Wallach","Marlins","11","0.0 %","45.5 %","0.00",".091",".091",".091",".182",".000","0.1",".167","0.0","0.1","0.0","-1","-2.2",".080","-65","17161"
"Tom Murphy","Mariners","26","7.7 %","34.6 %","0.22",".042",".115",".083",".199",".042","1.6",".067","0.2","0.2","0.0","-2","-5.4",".077","-80","13499"
"Dinelson Lamet","Padres","38","0.0 %","57.9 %","0.00",".086",".086",".086",".171",".000","0.1",".231","","","0.0","-3","-7.9",".075","-64","17186"
"Trevor Williams","Pirates","47","4.3 %","36.2 %","0.12",".049",".093",".049",".142",".000","1.1",".083","","","0.0","-4","-9.8",".073","-66","16977"
"Zack Godley","Diamondbacks","53","3.8 %","49.1 %","0.08",".048",".091",".048",".139",".000","1.1",".125","","","0.0","-5","-11.2",".071","-74","14862"
"Matt Harvey","Angels","36","2.8 %","36.1 %","0.08",".059",".086",".059",".145",".000","2.6",".095","","","0.0","-3","-7.6",".070","-64","11713"
"Kyle Higashioka","Yankees","20","10.0 %","30.0 %","0.33",".000",".100",".000",".100",".000","2.6",".000","0.0","0.2","0.0","-2","-4.2",".069","-75","5517"
"Amir Garrett","Reds","23","0.0 %","26.1 %","0.00",".053",".053",".105",".158",".053","2.6",".077","","","0.0","-2","-5.0",".065","-75","14375"
"Tyler Anderson","Rockies","33","3.0 %","51.5 %","0.06",".038",".074",".038",".113",".000","2.6",".111","","","0.0","-3","-7.3",".058","-92","12880"
"Robert Stephenson","Reds","25","0.0 %","60.0 %","0.00",".043",".043",".043",".087",".000","2.6",".125","","","0.0","-3","-6.0",".038","-92","13594"
"Ivan Nova","White Sox","60","0.0 %","51.7 %","0.00",".020",".020",".020",".039",".000","0.1",".050","","","0.0","-8","-15.4",".017","-100","1994"
"Fernando Rodney","Athletics","0","0.0 %","0.0 %","0.00",".000",".000",".000",".000",".000","0.1",".000","","","0.0","0","0.0",".000","","494"
"Tommy Hunter","Phillies","0","0.0 %","0.0 %","0.00",".000",".000",".000",".000",".000","0.1",".000","","","0.0","0","0.0",".000","","1157"
"Adam Ottavino","Yankees","0","0.0 %","0.0 %","0.00",".000",".000",".000",".000",".000","0.1",".000","","","0.0","0","0.0",".000","","1247"
"Oliver Perez","Indians","0","0.0 %","0.0 %","0.00",".000",".000",".000",".000",".000","0.1",".000","","","0.0","0","0.0",".000","","1514"
"Sean Doolittle","Nationals","0","0.0 %","0.0 %","0.00",".000",".000",".000",".000",".000","0.1",".000","","","0.0","0","0.0",".000","","1581"
"Brett Cecil","Cardinals","1","0.0 %","0.0 %","0.00",".000",".000",".000",".000",".000","0.1",".000","","","0.0","0","-0.3",".000","-100","2660"
"Rick Porcello","Red Sox","4","0.0 %","75.0 %","0.00",".000",".000",".000",".000",".000","0.1",".000","","","0.0","-1","-1.1",".000","-100","2717"
"Luis Avilan","Mets","2","0.0 %","50.0 %","0.00",".000",".000",".000",".000",".000","0.1",".000","","","0.0","0","-0.5",".000","-100","2882"
"Tony Watson","Giants","1","0.0 %","100.0 %","0.00",".000",".000",".000",".000",".000","0.1",".000","","","0.0","0","-0.3",".000","-100","3132"
"Will Harris","Astros","0","0.0 %","0.0 %","0.00",".000",".000",".000",".000",".000","0.1",".000","","","0.0","0","0.0",".000","","3192"
"Francisco Liriano","Pirates","0","0.0 %","0.0 %","0.00",".000",".000",".000",".000",".000","0.1",".000","","","0.0","0","0.0",".000","","3201"
"Zack Britton","Yankees","0","0.0 %","0.0 %","0.00",".000",".000",".000",".000",".000","0.1",".000","","","0.0","0","0.0",".000","","3240"
"Anibal Sanchez","Nationals","2","0.0 %","50.0 %","0.00",".000",".000",".000",".000",".000","0.1",".000","","","0.0","0","-0.5",".000","-100","3284"
"Clay Buchholz","Blue Jays","2","0.0 %","100.0 %","0.00",".000",".000",".000",".000",".000","0.1",".000","","","0.0","0","-0.5",".000","-100","3543"
"Liam Hendriks","Athletics","0","0.0 %","0.0 %","0.00",".000",".000",".000",".000",".000","0.1",".000","","","0.0","0","0.0",".000","","3548"
"Zach Duke","Reds","0","0.0 %","0.0 %","0.00",".000",".000",".000",".000",".000","0.1",".000","","","0.0","0","0.0",".000","","3840"
"Yusmeiro Petit","Athletics","0","0.0 %","0.0 %","0.00",".000",".000",".000",".000",".000","0.1",".000","","","0.0","0","0.0",".000","","4020"
"Pedro Strop","Cubs","1","0.0 %","0.0 %","0.00",".000",".000",".000",".000",".000","0.1",".000","","","0.0","0","-0.3",".000","-100","4070"
"David Hernandez","Reds","0","0.0 %","0.0 %","0.00",".000",".000",".000",".000",".000","0.1",".000","","","0.0","0","0.0",".000","","4259"
"Mark Melancon","Giants","0","0.0 %","0.0 %","0.00",".000",".000",".000",".000",".000","0.1",".000","","","0.0","0","0.0",".000","","4264"
"Matt Albers","Brewers","0","0.0 %","0.0 %","0.00",".000",".000",".000",".000",".000","0.1",".000","","","0.0","0","0.0",".000","","4300"
"Charlie Morton","Rays","3","0.0 %","0.0 %","0.00",".000",".000",".000",".000",".000","0.1",".000","","","0.0","0","-0.8",".000","-100","4676"
"Pat Neshek","Phillies","0","0.0 %","0.0 %","0.00",".000",".000",".000",".000",".000","0.1",".000","","","0.0","0","0.0",".000","","4682"
"Nate Jones","White Sox","0","0.0 %","0.0 %","0.00",".000",".000",".000",".000",".000","0.1",".000","","","0.0","0","0.0",".000","","4696"
"Felix Hernandez","Mariners","0","0.0 %","0.0 %","0.00",".000",".000",".000",".000",".000","0.1",".000","","","0.0","0","0.0",".000","","4772"
"Cole Hamels","Cubs","3","0.0 %","33.3 %","0.00",".000",".000",".000",".000",".000","0.1",".000","","","0.0","0","-0.8",".000","-100","4972"
"Jake Diekman","Royals","0","0.0 %","0.0 %","0.00",".000",".000",".000",".000",".000","0.1",".000","","","0.0","0","0.0",".000","","5003"
"Jeurys Familia","Mets","1","0.0 %","100.0 %","0.00",".000",".000",".000",".000",".000","0.1",".000","","","0.0","0","-0.3",".000","-100","5114"
"Blake Parker","Twins","0","0.0 %","0.0 %","0.00",".000",".000",".000",".000",".000","0.1",".000","","","0.0","0","0.0",".000","","5224"
"Wilmer Font","Rays","0","0.0 %","0.0 %","0.00",".000",".000",".000",".000",".000","0.1",".000","","","0.0","0","0.0",".000","","5257"
"Jose Alvarez","Phillies","0","0.0 %","0.0 %","0.00",".000",".000",".000",".000",".000","0.1",".000","","","0.0","0","0.0",".000","","5358"
"Jesse Chavez","Rangers","6","0.0 %","83.3 %","0.00",".000",".000",".000",".000",".000","0.1",".000","","","0.0","-1","-1.6",".000","-100","5448"
"Danny Salazar","Indians","0","0.0 %","0.0 %","0.00",".000",".000",".000",".000",".000","0.1",".000","","","0.0","0","0.0",".000","","5867"
"Kelvin Herrera","White Sox","0","0.0 %","0.0 %","0.00",".000",".000",".000",".000",".000","0.1",".000","","","0.0","0","0.0",".000","","6033"
"Steve Cishek","Cubs","0","0.0 %","0.0 %","0.00",".000",".000",".000",".000",".000","0.1",".000","","","0.0","0","0.0",".000","","6483"
"Alex Cobb","Orioles","6","0.0 %","66.7 %","0.00",".000",".000",".000",".000",".000","0.1",".000","","","0.0","-1","-1.6",".000","-100","6562"
"Brad Brach","Cubs","0","0.0 %","0.0 %","0.00",".000",".000",".000",".000",".000","0.1",".000","","","0.0","0","0.0",".000","","6627"
"Alex Colome","White Sox","0","0.0 %","0.0 %","0.00",".000",".000",".000",".000",".000","0.1",".000","","","0.0","0","0.0",".000","","6661"
"Andrew Miller","Cardinals","1","0.0 %","100.0 %","0.00",".000",".000",".000",".000",".000","0.1",".000","","","0.0","0","-0.3",".000","-100","6785"
"Sam Freeman","Angels","2","0.0 %","50.0 %","0.00",".000",".000",".000",".000",".000","0.1",".000","","","0.0","0","-0.5",".000","-100","6832"
"Martin Perez","Twins","6","0.0 %","100.0 %","0.00",".000",".000",".000",".000",".000","0.1",".000","","","0.0","-1","-1.6",".000","-100","6902"
"Joakim Soria","Athletics","0","0.0 %","0.0 %","0.00",".000",".000",".000",".000",".000","0.1",".000","","","0.0","0","0.0",".000","","6941"
"Luis Garcia","Angels","0","0.0 %","0.0 %","0.00",".000",".000",".000",".000",".000","0.1",".000","","","0.0","0","0.0",".000","","6984"
"Ryan Pressly","Astros","0","0.0 %","0.0 %","0.00",".000",".000",".000",".000",".000","0.1",".000","","","0.0","0","0.0",".000","","7005"
"Daniel Hudson","Blue Jays","0","0.0 %","0.0 %","0.00",".000",".000",".000",".000",".000","0.1",".000","","","0.0","0","0.0",".000","","7146"
"Greg Holland","Diamondbacks","0","0.0 %","0.0 %","0.00",".000",".000",".000",".000",".000","0.1",".000","","","0.0","0","0.0",".000","","7196"
"Dan Otero","Indians","0","0.0 %","0.0 %","0.00",".000",".000",".000",".000",".000","0.1",".000","","","0.0","0","0.0",".000","","7385"
"J.A. Happ","Yankees","2","0.0 %","50.0 %","0.00",".000",".000",".000",".000",".000","0.1",".000","","","0.0","0","-0.5",".000","-100","7410"
"Wade Davis","Rockies","0","0.0 %","0.0 %","0.00",".000",".000",".000",".000",".000","0.1",".000","","","0.0","0","0.0",".000","","7441"
"Anthony Swarzak","Mariners","0","0.0 %","0.0 %","0.00",".000",".000",".000",".000",".000","0.1",".000","","","0.0","0","0.0",".000","","7466"
"Collin McHugh","Astros","2","0.0 %","100.0 %","0.00",".000",".000",".000",".000",".000","0.1",".000","","","0.0","0","-0.5",".000","-100","7531"
"Nick Vincent","Giants","0","0.0 %","0.0 %","0.00",".000",".000",".000",".000",".000","0.1",".000","","","0.0","0","0.0",".000","","7555"
"Neil Ramirez","Indians","1","0.0 %","100.0 %","0.00",".000",".000",".000",".000",".000","0.1",".000","","","0.0","0","-0.3",".000","-100","7677"
"Juan Nicasio","Phillies","1","0.0 %","0.0 %","0.00",".000",".000",".000",".000",".000","0.1",".000","","","0.0","0","-0.3",".000","-100","7731"
"Mike Fiers","Athletics","1","0.0 %","100.0 %","0.00",".000",".000",".000",".000",".000","0.1",".000","","","0.0","0","-0.3",".000","-100","7754"
"Shawn Kelley","Rangers","0","0.0 %","0.0 %","0.00",".000",".000",".000",".000",".000","0.1",".000","","","0.0","0","0.0",".000","","7773"
"Hunter Strickland","Mariners","0","0.0 %","0.0 %","0.00",".000",".000",".000",".000",".000","0.1",".000","","","0.0","0","0.0",".000","","7836"
"Tyson Ross","Tigers","0","0.0 %","0.0 %","0.00",".000",".000",".000",".000",".000","0.1",".000","","","0.0","0","0.0",".000","","7872"
"Cory Gearrin","Mariners","2","0.0 %","100.0 %","0.00",".000",".000",".000",".000",".000","0.1",".000","","","0.0","0","-0.5",".000","-100","7947"
"Bryan Shaw","Rockies","0","0.0 %","0.0 %","0.00",".000",".000",".000",".000",".000","0.1",".000","","","0.0","0","0.0",".000","","8110"
"Tony Sipp","Nationals","1","0.0 %","0.0 %","0.00",".000",".000",".000",".000",".000","0.1",".000","","","0.0","0","-0.3",".000","-100","8280"
"JC Ramirez","Angels","3","0.0 %","33.3 %","0.00",".000",".000",".000",".000",".000","0.1",".000","","","0.0","0","-0.8",".000","-100","8302"
"Adam Warren","Padres","0","0.0 %","0.0 %","0.00",".000",".000",".000",".000",".000","0.1",".000","","","0.0","0","0.0",".000","","9029"
"Jeanmar Gomez","Rangers","0","0.0 %","0.0 %","0.00",".000",".000",".000",".000",".000","0.1",".000","","","0.0","0","0.0",".000","","9033"
"Kirby Yates","Padres","0","0.0 %","0.0 %","0.00",".000",".000",".000",".000",".000","0.1",".000","","","0.0","0","0.0",".000","","9073"
"Brad Hand","Indians","2","0.0 %","0.0 %","0.00",".000",".000",".000",".000",".000","0.1",".000","","","0.0","0","-0.5",".000","-100","9111"
"Alex Wilson","Brewers","0","0.0 %","0.0 %","0.00",".000",".000",".000",".000",".000","0.1",".000","","","0.0","0","0.0",".000","","9239"
"Jared Hughes","Reds","0","0.0 %","0.0 %","0.00",".000",".000",".000",".000",".000","0.1",".000","","","0.0","0","0.0",".000","","9325"
"Zac Rosscup","Mariners","0","0.0 %","0.0 %","0.00",".000",".000",".000",".000",".000","0.1",".000","","","0.0","0","0.0",".000","","9419"
"Jeremy Jeffress","Brewers","2","0.0 %","100.0 %","0.00",".000",".000",".000",".000",".000","0.1",".000","","","0.0","0","-0.5",".000","-100","9490"
"Joe Kelly","Dodgers","0","0.0 %","0.0 %","0.00",".000",".000",".000",".000",".000","0.1",".000","","","0.0","0","0.0",".000","","9761"
"Garrett Richards","Padres","0","0.0 %","0.0 %","0.00",".000",".000",".000",".000",".000","0.1",".000","","","0.0","0","0.0",".000","","9784"
"Sergio Romo","Marlins","0","0.0 %","0.0 %","0.00",".000",".000",".000",".000",".000","0.1",".000","","","0.0","0","0.0",".000","","9817"
"Chaz Roe","Rays","0","0.0 %","0.0 %","0.00",".000",".000",".000",".000",".000","0.1",".000","","","0.0","0","0.0",".000","","9866"
"Brandon Kintzler","Cubs","0","0.0 %","0.0 %","0.00",".000",".000",".000",".000",".000","0.1",".000","","","0.0","0","0.0",".000","","9939"
"Mike Dunn","Rockies","0","0.0 %","0.0 %","0.00",".000",".000",".000",".000",".000","0.1",".000","","","0.0","0","0.0",".000","","9948"
"Mike Minor","Rangers","0","0.0 %","0.0 %","0.00",".000",".000",".000",".000",".000","0.1",".000","","","0.0","0","0.0",".000","","10021"
"Kyle Gibson","Twins","0","0.0 %","0.0 %","0.00",".000",".000",".000",".000",".000","0.1",".000","","","0.0","0","0.0",".000","","10123"
"Brad Boxberger","Royals","0","0.0 %","0.0 %","0.00",".000",".000",".000",".000",".000","0.1",".000","","","0.0","0","0.0",".000","","10133"
"Aroldis Chapman","Yankees","0","0.0 %","0.0 %","0.00",".000",".000",".000",".000",".000","0.1",".000","","","0.0","0","0.0",".000","","10233"
"Ryan Tepera","Blue Jays","1","0.0 %","100.0 %","0.00",".000",".000",".000",".000",".000","0.1",".000","","","0.0","0","-0.3",".000","-100","10291"
"Mychal Givens","Orioles","0","0.0 %","0.0 %","0.00",".000",".000",".000",".000",".000","0.1",".000","","","0.0","0","0.0",".000","","10430"
"Jake Petricka","Brewers","0","0.0 %","0.0 %","0.00",".000",".000",".000",".000",".000","0.1",".000","","","0.0","0","0.0",".000","","10534"
"Scott Alexander","Dodgers","3","0.0 %","33.3 %","0.00",".000",".000",".000",".000",".000","0.1",".000","","","0.0","0","-0.8",".000","-100","10591"
"Trevor Rosenthal","Nationals","0","0.0 %","0.0 %","0.00",".000",".000",".000",".000",".000","0.1",".000","","","0.0","0","0.0",".000","","10745"
"Shane Greene","Tigers","0","0.0 %","0.0 %","0.00",".000",".000",".000",".000",".000","0.1",".000","","","0.0","0","0.0",".000","","10756"
"Adam Kolarek","Rays","0","0.0 %","0.0 %","0.00",".000",".000",".000",".000",".000","0.1",".000","","","0.0","0","0.0",".000","","10843"
"Tommy Kahnle","Yankees","0","0.0 %","0.0 %","0.00",".000",".000",".000",".000",".000","0.1",".000","","","0.0","0","0.0",".000","","11384"
"Drew Pomeranz","Giants","1","0.0 %","100.0 %","0.00",".000",".000",".000",".000",".000","0.1",".000","","","0.0","0","-0.3",".000","-100","11426"
"Brandon Workman","Red Sox","0","0.0 %","0.0 %","0.00",".000",".000",".000",".000",".000","0.1",".000","","","0.0","0","0.0",".000","","11428"
"Matt Grace","Nationals","5","0.0 %","80.0 %","0.00",".000",".000",".000",".000",".000","0.1",".000","","","0.0","-1","-1.4",".000","-100","11449"
"Aaron Sanchez","Blue Jays","0","0.0 %","0.0 %","0.00",".000",".000",".000",".000",".000","0.1",".000","","","0.0","0","0.0",".000","","11490"
"Josh Osich","White Sox","0","0.0 %","0.0 %","0.00",".000",".000",".000",".000",".000","0.1",".000","","","0.0","0","0.0",".000","","11528"
"Heath Hembree","Red Sox","0","0.0 %","0.0 %","0.00",".000",".000",".000",".000",".000","0.1",".000","","","0.0","0","0.0",".000","","11632"
"Sam Dyson","Giants","0","0.0 %","0.0 %","0.00",".000",".000",".000",".000",".000","0.1",".000","","","0.0","0","0.0",".000","","11710"
"Luke Jackson","Braves","3","0.0 %","0.0 %","0.00",".000",".000",".000",".000",".000","0.1",".000","","","0.0","0","-0.8",".000","-100","11752"
"Kyle Ryan","Cubs","0","0.0 %","0.0 %","0.00",".000",".000",".000",".000",".000","0.1",".000","","","0.0","0","0.0",".000","","11753"
"Hansel Robles","Angels","1","0.0 %","0.0 %","0.00",".000",".000",".000",".000",".000","0.1",".000","","","0.0","0","-0.3",".000","-100","11801"
"Hector Neris","Phillies","0","0.0 %","0.0 %","0.00",".000",".000",".000",".000",".000","0.1",".000","","","0.0","0","0.0",".000","","11804"
"James Paxton","Yankees","0","0.0 %","0.0 %","0.00",".000",".000",".000",".000",".000","0.1",".000","","","0.0","0","0.0",".000","","11828"
"Matt Andriese","Diamondbacks","0","0.0 %","0.0 %","0.00",".000",".000",".000",".000",".000","0.1",".000","","","0.0","0","0.0",".000","","12022"
"Felipe Vazquez","Pirates","0","0.0 %","0.0 %","0.00",".000",".000",".000",".000",".000","0.1",".000","","","0.0","0","0.0",".000","","12076"
"Cody Allen","Angels","0","0.0 %","0.0 %","0.00",".000",".000",".000",".000",".000","0.1",".000","","","0.0","0","0.0",".000","","12183"
"Dan Winkler","Braves","0","0.0 %","0.0 %","0.00",".000",".000",".000",".000",".000","0.1",".000","","","0.0","0","0.0",".000","","12237"
"Chasen Bradford","Mariners","1","0.0 %","100.0 %","0.00",".000",".000",".000",".000",".000","0.1",".000","","","0.0","0","-0.3",".000","-100","12452"
"Blake Treinen","Athletics","0","0.0 %","0.0 %","0.00",".000",".000",".000",".000",".000","0.1",".000","","","0.0","0","0.0",".000","","12572"
"Roenis Elias","Mariners","0","0.0 %","0.0 %","0.00",".000",".000",".000",".000",".000","0.1",".000","","","0.0","0","0.0",".000","","12673"
"Trevor Bauer","Indians","3","0.0 %","33.3 %","0.00",".000",".000",".000",".000",".000","0.1",".000","","","0.0","0","-0.8",".000","-100","12703"
"Chris Devenski","Astros","1","0.0 %","100.0 %","0.00",".000",".000",".000",".000",".000","0.1",".000","","","0.0","0","-0.3",".000","-100","12763"
"Sonny Gray","Reds","0","0.0 %","0.0 %","0.00",".000",".000",".000",".000",".000","0.1",".000","","","0.0","0","0.0",".000","","12768"
"John Brebbia","Cardinals","1","0.0 %","0.0 %","0.00",".000",".000",".000",".000",".000","0.1",".000","","","0.0","0","-0.3",".000","-100","12777"
"Noe Ramirez","Angels","0","0.0 %","0.0 %","0.00",".000",".000",".000",".000",".000","0.1",".000","","","0.0","0","0.0",".000","","12800"
"Matt Wisler","Padres","3","0.0 %","0.0 %","0.00",".000",".000",".000",".000",".000","0.1",".000","","","0.0","0","-0.8",".000","-100","12804"
"Mike Clevinger","Indians","3","0.0 %","33.3 %","0.00",".000",".000",".000",".000",".000","0.1",".000","","","0.0","0","-0.8",".000","-100","12808"
"Shawn Armstrong","Mariners","0","0.0 %","0.0 %","0.00",".000",".000",".000",".000",".000","0.1",".000","","","0.0","0","0.0",".000","","12857"
"Matt Barnes","Red Sox","0","0.0 %","0.0 %","0.00",".000",".000",".000",".000",".000","0.1",".000","","","0.0","0","0.0",".000","","12863"
"Alex Claudio","Brewers","0","0.0 %","0.0 %","0.00",".000",".000",".000",".000",".000","0.1",".000","","","0.0","0","0.0",".000","","12890"
"Ken Giles","Blue Jays","0","0.0 %","0.0 %","0.00",".000",".000",".000",".000",".000","0.1",".000","","","0.0","0","0.0",".000","","12910"
"Dylan Bundy","Orioles","0","0.0 %","0.0 %","0.00",".000",".000",".000",".000",".000","0.1",".000","","","0.0","0","0.0",".000","","12917"
"Gabriel Ynoa","Orioles","1","0.0 %","0.0 %","0.00",".000",".000",".000",".000",".000","0.1",".000","","","0.0","0","-0.3",".000","-100","12938"
"Joe Musgrove","Pirates","5","0.0 %","20.0 %","0.00",".000",".000",".000",".000",".000","0.1",".000","","","0.0","-1","-1.4",".000","-100","12970"
"Andrew Chafin","Diamondbacks","0","0.0 %","0.0 %","0.00",".000",".000",".000",".000",".000","0.1",".000","","","0.0","0","0.0",".000","","12988"
"Eduardo Rodriguez","Red Sox","7","0.0 %","28.6 %","0.00",".000",".000",".000",".000",".000","0.1",".000","","","0.0","-1","-1.9",".000","-100","13164"
"Kyle Crick","Pirates","0","0.0 %","0.0 %","0.00",".000",".000",".000",".000",".000","0.1",".000","","","0.0","0","0.0",".000","","13182"
"Adalberto Mejia","Twins","0","0.0 %","0.0 %","0.00",".000",".000",".000",".000",".000","0.1",".000","","","0.0","0","0.0",".000","","13188"
"Joe Biagini","Blue Jays","3","0.0 %","0.0 %","0.00",".000",".000",".000",".000",".000","0.1",".000","","","0.0","0","-0.8",".000","-100","13194"
"Michael Fulmer","Tigers","5","0.0 %","40.0 %","0.00",".000",".000",".000",".000",".000","0.1",".000","","","0.0","-1","-1.4",".000","-100","13218"
"Ross Stripling","Dodgers","9","0.0 %","44.4 %","0.00",".000",".000",".000",".000",".000","0.1",".000","","","0.0","-1","-2.4",".000","-100","13273"
"Jesse Hahn","Royals","0","0.0 %","0.0 %","0.00",".000",".000",".000",".000",".000","0.1",".000","","","0.0","0","0.0",".000","","13287"
"Luis Cessa","Yankees","0","0.0 %","0.0 %","0.00",".000",".000",".000",".000",".000","0.1",".000","","","0.0","0","0.0",".000","","13345"
"Cam Bedrosian","Angels","0","0.0 %","0.0 %","0.00",".000",".000",".000",".000",".000","0.1",".000","","","0.0","0","0.0",".000","","13360"
"Dylan Floro","Dodgers","4","0.0 %","50.0 %","0.00",".000",".000",".000",".000",".000","0.1",".000","","","0.0","-1","-1.1",".000","-100","13394"
"Matt Koch","Diamondbacks","0","0.0 %","0.0 %","0.00",".000",".000",".000",".000",".000","0.1",".000","","","0.0","0","0.0",".000","","13420"
"Drew VerHagen","Tigers","0","0.0 %","0.0 %","0.00",".000",".000",".000",".000",".000","0.1",".000","","","0.0","0","0.0",".000","","13424"
"Taylor Rogers","Twins","0","0.0 %","0.0 %","0.00",".000",".000",".000",".000",".000","0.1",".000","","","0.0","0","0.0",".000","","13449"
"Daniel Norris","Tigers","0","0.0 %","0.0 %","0.00",".000",".000",".000",".000",".000","0.1",".000","","","0.0","0","0.0",".000","","13475"
"Richard Rodriguez","Pirates","0","0.0 %","0.0 %","0.00",".000",".000",".000",".000",".000","0.1",".000","","","0.0","0","0.0",".000","","13549"
"Jakob Junis","Royals","3","0.0 %","100.0 %","0.00",".000",".000",".000",".000",".000","0.1",".000","","","0.0","0","-0.8",".000","-100","13619"
"Jharel Cotton","Athletics","2","0.0 %","50.0 %","0.00",".000",".000",".000",".000",".000","0.1",".000","","","0.0","0","-0.5",".000","-100","13654"
"John Gant","Cardinals","3","0.0 %","0.0 %","0.00",".000",".000",".000",".000",".000","0.1",".000","","","0.0","0","-0.8",".000","-100","13684"
"Kyle Barraclough","Nationals","1","0.0 %","100.0 %","0.00",".000",".000",".000",".000",".000","0.1",".000","","","0.0","0","-0.3",".000","-100","13713"
"Tyler Duffey","Twins","0","0.0 %","0.0 %","0.00",".000",".000",".000",".000",".000","0.1",".000","","","0.0","0","0.0",".000","","13758"
"Dominic Leone","Cardinals","0","0.0 %","0.0 %","0.00",".000",".000",".000",".000",".000","0.1",".000","","","0.0","0","0.0",".000","","13763"
"Roberto Osuna","Astros","0","0.0 %","0.0 %","0.00",".000",".000",".000",".000",".000","0.1",".000","","","0.0","0","0.0",".000","","13764"
"Daniel Stumpf","Tigers","0","0.0 %","0.0 %","0.00",".000",".000",".000",".000",".000","0.1",".000","","","0.0","0","0.0",".000","","13780"
"Matt Strahm","Padres","0","0.0 %","0.0 %","0.00",".000",".000",".000",".000",".000","0.1",".000","","","0.0","0","0.0",".000","","13799"
"Scott Oberg","Rockies","0","0.0 %","0.0 %","0.00",".000",".000",".000",".000",".000","0.1",".000","","","0.0","0","0.0",".000","","13911"
"Ryan Dull","Athletics","0","0.0 %","0.0 %","0.00",".000",".000",".000",".000",".000","0.1",".000","","","0.0","0","0.0",".000","","13974"
"Kevin Gausman","Braves","2","0.0 %","50.0 %","0.00",".000",".000",".000",".000",".000","0.1",".000","","","0.0","0","-0.5",".000","-100","14107"
"Josh Hader","Brewers","4","0.0 %","50.0 %","0.00",".000",".000",".000",".000",".000","0.1",".000","","","0.0","-1","-1.1",".000","-100","14212"
"Wandy Peralta","Reds","0","0.0 %","0.0 %","0.00",".000",".000",".000",".000",".000","0.1",".000","","","0.0","0","0.0",".000","","14295"
"Frankie Montas","Athletics","0","0.0 %","0.0 %","0.00",".000",".000",".000",".000",".000","0.1",".000","","","0.0","0","0.0",".000","","14309"
"Yohander Mendez","Rangers","0","0.0 %","0.0 %","0.00",".000",".000",".000",".000",".000","0.1",".000","","","0.0","0","0.0",".000","","14391"
"Randy Rosario","Cubs","0","0.0 %","0.0 %","0.00",".000",".000",".000",".000",".000","0.1",".000","","","0.0","0","0.0",".000","","14508"
"Jose Leclerc","Rangers","0","0.0 %","0.0 %","0.00",".000",".000",".000",".000",".000","0.1",".000","","","0.0","0","0.0",".000","","14524"
"Jorge Lopez","Royals","0","0.0 %","0.0 %","0.00",".000",".000",".000",".000",".000","0.1",".000","","","0.0","0","0.0",".000","","14527"
"Carlos Estevez","Rockies","0","0.0 %","0.0 %","0.00",".000",".000",".000",".000",".000","0.1",".000","","","0.0","0","0.0",".000","","14542"
"Jose Ruiz","White Sox","0","0.0 %","0.0 %","0.00",".000",".000",".000",".000",".000","0.1",".000","","","0.0","0","0.0",".000","","14552"
"Keone Kela","Pirates","0","0.0 %","0.0 %","0.00",".000",".000",".000",".000",".000","0.1",".000","","","0.0","0","0.0",".000","","14696"
"Anthony Banda","Rays","6","0.0 %","50.0 %","0.00",".000",".000",".000",".000",".000","0.1",".000","","","0.0","-1","-1.6",".000","-100","14706"
"Edwin Diaz","Mets","1","0.0 %","100.0 %","0.00",".000",".000",".000",".000",".000","0.1",".000","","","0.0","0","-0.3",".000","-100","14710"
"Tyler Olson","Indians","0","0.0 %","0.0 %","0.00",".000",".000",".000",".000",".000","0.1",".000","","","0.0","0","0.0",".000","","14741"
"Emilio Pagan","Rays","2","0.0 %","50.0 %","0.00",".000",".000",".000",".000",".000","0.1",".000","","","0.0","0","-0.5",".000","-100","14771"
"Buck Farmer","Tigers","0","0.0 %","0.0 %","0.00",".000",".000",".000",".000",".000","0.1",".000","","","0.0","0","0.0",".000","","14814"
"Bobby Wahl","Brewers","0","0.0 %","0.0 %","0.00",".000",".000",".000",".000",".000","0.1",".000","","","0.0","0","0.0",".000","","14832"
"Caleb Smith","Marlins","0","0.0 %","0.0 %","0.00",".000",".000",".000",".000",".000","0.1",".000","","","0.0","0","0.0",".000","","14875"
"Reyes Moronta","Giants","0","0.0 %","0.0 %","0.00",".000",".000",".000",".000",".000","0.1",".000","","","0.0","0","0.0",".000","","14966"
"Tyler Webb","Cardinals","0","0.0 %","0.0 %","0.00",".000",".000",".000",".000",".000","0.1",".000","","","0.0","0","0.0",".000","","14974"
"Giovanny Gallegos","Cardinals","0","0.0 %","0.0 %","0.00",".000",".000",".000",".000",".000","0.1",".000","","","0.0","0","0.0",".000","","14986"
"Corey Knebel","Brewers","0","0.0 %","0.0 %","0.00",".000",".000",".000",".000",".000","0.1",".000","","","0.0","0","0.0",".000","","15010"
"Victor Alcantara","Tigers","0","0.0 %","0.0 %","0.00",".000",".000",".000",".000",".000","0.1",".000","","","0.0","0","0.0",".000","","15028"
"Tim Mayza","Blue Jays","0","0.0 %","0.0 %","0.00",".000",".000",".000",".000",".000","0.1",".000","","","0.0","0","0.0",".000","","15042"
"Trevor Gott","Giants","0","0.0 %","0.0 %","0.00",".000",".000",".000",".000",".000","0.1",".000","","","0.0","0","0.0",".000","","15046"
"Silvino Bracho","Diamondbacks","0","0.0 %","0.0 %","0.00",".000",".000",".000",".000",".000","0.1",".000","","","0.0","0","0.0",".000","","15051"
"Ben Heller","Yankees","0","0.0 %","0.0 %","0.00",".000",".000",".000",".000",".000","0.1",".000","","","0.0","0","0.0",".000","","15100"
"Luke Farrell","Rangers","0","0.0 %","0.0 %","0.00",".000",".000",".000",".000",".000","0.1",".000","","","0.0","0","0.0",".000","","15101"
"Drew Anderson","Phillies","0","0.0 %","0.0 %","0.00",".000",".000",".000",".000",".000","0.1",".000","","","0.0","0","0.0",".000","","15130"
"Jimmy Yacabonis","Orioles","2","0.0 %","50.0 %","0.00",".000",".000",".000",".000",".000","0.1",".000","","","0.0","0","-0.5",".000","-100","15157"
"Keynan Middleton","Angels","0","0.0 %","0.0 %","0.00",".000",".000",".000",".000",".000","0.1",".000","","","0.0","0","0.0",".000","","15264"
"Jacob Rhame","Mets","0","0.0 %","0.0 %","0.00",".000",".000",".000",".000",".000","0.1",".000","","","0.0","0","0.0",".000","","15267"
"Zac Reininger","Tigers","0","0.0 %","0.0 %","0.00",".000",".000",".000",".000",".000","0.1",".000","","","0.0","0","0.0",".000","","15285"
"Austin Pruitt","Rays","0","0.0 %","0.0 %","0.00",".000",".000",".000",".000",".000","0.1",".000","","","0.0","0","0.0",".000","","15290"
"Jose De Leon","Rays","0","0.0 %","0.0 %","0.00",".000",".000",".000",".000",".000","0.1",".000","","","0.0","0","0.0",".000","","15463"
"Kendall Graveman","Cubs","1","0.0 %","100.0 %","0.00",".000",".000",".000",".000",".000","0.1",".000","","","0.0","0","-0.3",".000","-100","15514"
"Chad Green","Yankees","0","0.0 %","0.0 %","0.00",".000",".000",".000",".000",".000","0.1",".000","","","0.0","0","0.0",".000","","15552"
"Nick Wittgren","Indians","4","0.0 %","25.0 %","0.00",".000",".000",".000",".000",".000","0.1",".000","","","0.0","-1","-1.1",".000","-100","15594"
"Miguel Castro","Orioles","0","0.0 %","0.0 %","0.00",".000",".000",".000",".000",".000","0.1",".000","","","0.0","0","0.0",".000","","15684"
"Joe Jimenez","Tigers","0","0.0 %","0.0 %","0.00",".000",".000",".000",".000",".000","0.1",".000","","","0.0","0","0.0",".000","","15761"
"Masahiro Tanaka","Yankees","3","0.0 %","66.7 %","0.00",".000",".000",".000",".000",".000","0.1",".000","","","0.0","0","-0.8",".000","-100","15764"
"Ryne Stanek","Rays","0","0.0 %","0.0 %","0.00",".000",".000",".000",".000",".000","0.1",".000","","","0.0","0","0.0",".000","","15947"
"Edubray Ramos","Phillies","1","0.0 %","100.0 %","0.00",".000",".000",".000",".000",".000","0.1",".000","","","0.0","0","-0.3",".000","-100","16086"
"Jace Fry","White Sox","0","0.0 %","0.0 %","0.00",".000",".000",".000",".000",".000","0.1",".000","","","0.0","0","0.0",".000","","16159"
"Reynaldo Lopez","White Sox","0","0.0 %","0.0 %","0.00",".000",".000",".000",".000",".000","0.1",".000","","","0.0","0","0.0",".000","","16400"
"Jonathan Holder","Yankees","0","0.0 %","0.0 %","0.00",".000",".000",".000",".000",".000","0.1",".000","","","0.0","0","0.0",".000","","16588"
"Aaron Wilkerson","Brewers","4","0.0 %","25.0 %","0.00",".000",".000",".000",".000",".000","0.1",".000","","","0.0","-1","-1.1",".000","-100","16904"
"Trevor Hildenberger","Twins","0","0.0 %","0.0 %","0.00",".000",".000",".000",".000",".000","0.1",".000","","","0.0","0","0.0",".000","","17002"
"Domingo German","Yankees","0","0.0 %","0.0 %","0.00",".000",".000",".000",".000",".000","0.1",".000","","","0.0","0","0.0",".000","","17149"
"Edgar Santana","Pirates","0","0.0 %","0.0 %","0.00",".000",".000",".000",".000",".000","0.1",".000","","","0.0","0","0.0",".000","","17355"
"Jack Flaherty","Cardinals","6","0.0 %","33.3 %","0.00",".000",".000",".000",".000",".000","0.1",".000","","","0.0","-1","-1.6",".000","-100","17479"
"Tanner Scott","Orioles","0","0.0 %","0.0 %","0.00",".000",".000",".000",".000",".000","0.1",".000","","","0.0","0","0.0",".000","","17586"
"Jose Alvarado","Rays","0","0.0 %","0.0 %","0.00",".000",".000",".000",".000",".000","0.1",".000","","","0.0","0","0.0",".000","","17780"
"Carson Fulmer","White Sox","0","0.0 %","0.0 %","0.00",".000",".000",".000",".000",".000","0.1",".000","","","0.0","0","0.0",".000","","18311"
"A.J. Minter","Braves","0","0.0 %","0.0 %","0.00",".000",".000",".000",".000",".000","0.1",".000","","","0.0","0","0.0",".000","","18655"
"Sandy Alcantara","Marlins","0","0.0 %","0.0 %","0.00",".000",".000",".000",".000",".000","0.1",".000","","","0.0","0","0.0",".000","","18684"
"Seunghwan Oh","Rockies","0","0.0 %","0.0 %","0.00",".000",".000",".000",".000",".000","0.1",".000","","","0.0","0","0.0",".000","","18719"
"Drew Steckenrider","Marlins","0","0.0 %","0.0 %","0.00",".000",".000",".000",".000",".000","0.1",".000","","","0.0","0","0.0",".000","","18806"
"Hector Velazquez","Red Sox","1","0.0 %","0.0 %","0.00",".000",".000",".000",".000",".000","0.1",".000","","","0.0","0","-0.3",".000","-100","19341"
"Walker Buehler","Dodgers","0","0.0 %","0.0 %","0.00",".000",".000",".000",".000",".000","0.1",".000","","","0.0","0","0.0",".000","","19374"
