"Name","Team","BABIP","GB/FB","LD%","GB%","FB%","IFFB%","HR/FB","IFH","IFH%","BUH","BUH%","Pull%","Cent%","Oppo%","Soft%","Med%","Hard%","playerid"
"J.D. Martinez","Red Sox",".327","0.89","18.5 %","38.3 %","43.2 %","6.8 %","33.8 %","7","5.9 %","0","0.0 %","38.3 %","32.8 %","28.9 %","14.0 %","37.0 %","49.0 %","6184"
"Domingo Santana","Mariners",".363","1.62","27.4 %","44.9 %","27.7 %","2.1 %","30.9 %","4","2.5 %","0","0.0 %","34.9 %","37.1 %","28.0 %","11.7 %","48.6 %","39.7 %","10348"
"Joey Gallo","Rangers",".250","0.51","17.9 %","27.9 %","54.2 %","11.8 %","30.1 %","3","4.3 %","0","0.0 %","49.6 %","29.4 %","21.0 %","14.7 %","38.9 %","46.4 %","14128"
"Michael Conforto","Mets",".328","1.00","24.4 %","37.8 %","37.8 %","10.1 %","27.3 %","10","10.1 %","0","0.0 %","32.4 %","39.7 %","27.9 %","20.2 %","38.2 %","41.6 %","16376"
"Khris Davis","Athletics",".290","0.91","19.3 %","38.4 %","42.3 %","6.3 %","26.9 %","9","6.2 %","0","0.0 %","34.4 %","42.3 %","23.3 %","13.5 %","44.4 %","42.1 %","9112"
"Tommy Pham","Rays",".368","1.98","22.2 %","51.7 %","26.1 %","7.0 %","26.7 %","16","9.4 %","1","33.3 %","36.8 %","34.9 %","28.3 %","15.4 %","49.1 %","35.5 %","2967"
"Justin Bour","Angels",".322","1.29","23.1 %","43.4 %","33.6 %","11.5 %","26.0 %","5","4.0 %","0","0.0 %","47.2 %","34.3 %","18.5 %","19.6 %","41.6 %","38.8 %","9744"
"Willson Contreras","Cubs",".319","1.81","17.4 %","53.3 %","29.3 %","9.9 %","25.9 %","16","10.9 %","3","50.0 %","43.6 %","35.5 %","20.9 %","17.0 %","47.5 %","35.5 %","11609"
"Josh Donaldson","Braves",".289","0.97","16.7 %","41.0 %","42.3 %","10.9 %","25.6 %","6","4.8 %","1","100.0 %","47.1 %","33.0 %","19.9 %","17.3 %","46.4 %","36.3 %","5038"
"Gary Sanchez","Yankees",".304","1.15","21.1 %","42.3 %","36.6 %","10.8 %","25.4 %","14","9.3 %","0","0.0 %","51.6 %","33.2 %","15.2 %","18.6 %","44.5 %","36.9 %","11442"
"Cody Bellinger","Dodgers",".299","0.75","17.6 %","35.3 %","47.1 %","8.4 %","25.2 %","9","7.8 %","6","75.0 %","42.4 %","34.7 %","22.9 %","14.0 %","43.0 %","43.0 %","15998"
"Paul Goldschmidt","Cardinals",".343","1.32","18.8 %","46.3 %","34.9 %","8.3 %","24.8 %","15","7.8 %","0","0.0 %","39.5 %","36.9 %","23.6 %","11.3 %","44.3 %","44.3 %","9218"
"Chris Davis","Orioles",".301","0.92","23.5 %","36.7 %","39.8 %","2.9 %","24.8 %","1","1.0 %","0","0.0 %","44.2 %","34.0 %","21.9 %","12.8 %","45.7 %","41.5 %","9272"
"Jake Marisnick","Astros",".320","0.77","15.4 %","36.8 %","47.8 %","9.2 %","24.6 %","4","8.0 %","4","57.1 %","39.9 %","30.1 %","30.1 %","18.2 %","53.2 %","28.7 %","11339"
"Eric Thames","Brewers",".309","0.93","20.3 %","38.4 %","41.3 %","4.0 %","24.6 %","6","5.1 %","0","0.0 %","45.4 %","28.1 %","26.5 %","16.0 %","42.5 %","41.5 %","3711"
"Keon Broxton","Mets",".323","1.30","20.3 %","45.1 %","34.6 %","3.7 %","24.4 %","9","8.4 %","2","50.0 %","36.5 %","35.7 %","27.8 %","17.0 %","47.7 %","35.3 %","9253"
"Mike Zunino","Rays",".355","0.70","22.4 %","32.0 %","45.6 %","12.5 %","24.0 %","3","4.1 %","0","0.0 %","50.9 %","32.5 %","16.7 %","17.5 %","43.9 %","38.6 %","13265"
"Kyle Schwarber","Cubs",".244","0.82","15.2 %","38.3 %","46.5 %","16.0 %","24.0 %","7","6.8 %","2","66.7 %","44.5 %","30.2 %","25.4 %","21.3 %","42.3 %","36.4 %","16478"
"Bryce Harper","Phillies",".356","1.07","22.0 %","40.4 %","37.6 %","6.6 %","24.0 %","13","10.0 %","2","100.0 %","35.5 %","35.2 %","29.3 %","13.3 %","52.5 %","34.3 %","11579"
"Mark Reynolds","Rockies",".343","1.16","21.6 %","42.1 %","36.3 %","10.3 %","23.8 %","5","3.4 %","0","0.0 %","44.0 %","33.9 %","22.1 %","19.0 %","46.6 %","34.5 %","7619"
"Marcell Ozuna","Cardinals",".355","1.41","19.3 %","47.1 %","33.5 %","8.2 %","23.4 %","18","8.1 %","0","0.0 %","38.6 %","36.3 %","25.1 %","18.3 %","42.7 %","39.1 %","10324"
"Mike Trout","Angels",".318","0.82","18.4 %","36.7 %","44.9 %","9.9 %","23.2 %","13","11.2 %","0","0.0 %","40.2 %","35.8 %","24.1 %","19.0 %","42.7 %","38.3 %","10155"
"George Springer","Astros",".297","1.43","17.9 %","48.3 %","33.8 %","8.7 %","22.8 %","24","11.3 %","0","0.0 %","40.8 %","33.8 %","25.4 %","17.9 %","45.4 %","36.7 %","12856"
"Carlos Correa","Astros",".352","1.51","20.4 %","47.9 %","31.7 %","6.6 %","22.6 %","16","10.0 %","0","0.0 %","30.5 %","40.7 %","28.7 %","15.0 %","45.5 %","39.5 %","14162"
"Jesus Aguilar","Brewers",".337","1.08","21.3 %","41.0 %","37.8 %","7.0 %","22.5 %","3","3.9 %","0","0.0 %","38.8 %","44.7 %","16.5 %","15.4 %","39.4 %","45.2 %","11342"
"Eric Hosmer","Padres",".351","2.50","22.2 %","55.6 %","22.2 %","7.2 %","22.5 %","19","6.8 %","1","100.0 %","31.3 %","35.7 %","32.9 %","21.8 %","48.7 %","29.5 %","3516"
"Welington Castillo","White Sox",".336","1.09","24.4 %","39.4 %","36.2 %","9.0 %","22.5 %","7","7.2 %","0","0.0 %","41.1 %","36.6 %","22.4 %","12.2 %","48.8 %","39.0 %","3256"
"Scott Schebler","Reds",".248","1.19","16.2 %","45.6 %","38.2 %","9.7 %","22.4 %","7","4.4 %","1","50.0 %","45.9 %","33.7 %","20.4 %","19.3 %","41.4 %","39.4 %","12225"
"Nelson Cruz","Twins",".315","0.97","17.7 %","40.4 %","41.8 %","6.8 %","22.0 %","13","7.6 %","0","0.0 %","41.8 %","36.4 %","21.8 %","14.7 %","44.7 %","40.7 %","2434"
"Edwin Encarnacion","Mariners",".271","0.89","21.1 %","37.1 %","41.8 %","10.1 %","21.3 %","5","3.2 %","0","0.0 %","46.7 %","32.9 %","20.4 %","15.5 %","47.0 %","37.6 %","2151"
"Justin Upton","Angels",".341","0.84","19.6 %","36.8 %","43.7 %","9.1 %","21.2 %","6","4.3 %","0","0.0 %","38.6 %","35.7 %","25.7 %","19.8 %","39.2 %","41.0 %","5222"
"Jose Martinez","Cardinals",".350","1.34","26.6 %","42.1 %","31.3 %","7.5 %","20.9 %","9","10.0 %","0","0.0 %","34.9 %","35.8 %","29.3 %","17.7 %","45.1 %","37.2 %","7996"
"Russell Martin","Dodgers",".261","1.71","23.7 %","48.2 %","28.1 %","12.7 %","20.6 %","2","1.9 %","0","0.0 %","40.0 %","37.3 %","22.7 %","16.4 %","53.3 %","30.2 %","4616"
"Tim Beckham","Mariners",".365","1.65","21.8 %","48.8 %","29.5 %","3.7 %","20.6 %","21","11.9 %","2","40.0 %","45.7 %","33.2 %","21.2 %","15.5 %","45.4 %","39.1 %","7949"
"Travis Shaw","Brewers",".312","1.13","19.9 %","42.5 %","37.6 %","8.6 %","20.5 %","5","2.9 %","0","0.0 %","40.4 %","33.9 %","25.7 %","15.8 %","47.0 %","37.1 %","11982"
"Shin-Soo Choo","Rangers",".305","1.86","25.0 %","48.8 %","26.2 %","0.9 %","20.4 %","6","3.0 %","3","50.0 %","42.8 %","33.7 %","23.4 %","12.2 %","51.7 %","36.1 %","3174"
"Robinson Chirinos","Astros",".298","0.87","13.6 %","40.2 %","46.2 %","15.3 %","20.0 %","3","4.1 %","0","0.0 %","52.7 %","25.3 %","22.0 %","16.7 %","47.9 %","35.5 %","3142"
"Michael A. Taylor","Nationals",".363","1.17","20.5 %","42.9 %","36.7 %","8.4 %","20.0 %","15","13.5 %","3","50.0 %","46.8 %","31.7 %","21.5 %","18.1 %","47.9 %","34.0 %","11489"
"Nick Williams","Phillies",".375","1.82","23.2 %","49.5 %","27.3 %","1.7 %","20.0 %","11","10.1 %","0","0.0 %","31.8 %","42.7 %","25.5 %","15.5 %","50.9 %","33.6 %","14330"
"Freddie Freeman","Braves",".335","0.86","24.5 %","34.9 %","40.6 %","0.0 %","19.9 %","10","8.3 %","0","0.0 %","38.6 %","32.9 %","28.5 %","12.4 %","50.1 %","37.5 %","5361"
"Paul DeJong","Cardinals",".349","0.79","23.5 %","33.7 %","42.9 %","13.5 %","19.8 %","7","7.1 %","0","0.0 %","46.9 %","32.7 %","20.4 %","21.4 %","42.2 %","36.4 %","18015"
"Trey Mancini","Orioles",".352","1.72","19.4 %","51.0 %","29.7 %","7.4 %","19.8 %","21","10.1 %","0","0.0 %","37.5 %","35.3 %","27.2 %","19.6 %","46.3 %","34.1 %","15149"
"Kendrys Morales","Athletics",".278","1.46","18.5 %","48.4 %","33.2 %","5.6 %","19.7 %","4","1.9 %","0","0.0 %","41.8 %","32.0 %","26.2 %","15.2 %","47.0 %","37.9 %","8610"
"Justin Smoak","Blue Jays",".285","0.77","21.2 %","34.3 %","44.5 %","7.3 %","19.7 %","3","2.0 %","0","0.0 %","40.8 %","35.3 %","24.0 %","13.1 %","47.5 %","39.4 %","9054"
"Joey Votto","Reds",".321","1.03","23.0 %","39.0 %","38.0 %","0.5 %","19.7 %","5","2.7 %","0","0.0 %","38.6 %","31.1 %","30.3 %","10.4 %","53.3 %","36.3 %","4314"
"Javier Baez","Cubs",".345","1.35","15.4 %","48.6 %","36.0 %","9.4 %","19.7 %","14","8.9 %","2","25.0 %","39.9 %","38.1 %","21.9 %","21.3 %","46.3 %","32.4 %","12979"
"Charlie Blackmon","Rockies",".371","1.10","22.3 %","40.7 %","37.0 %","6.9 %","19.6 %","16","7.7 %","1","25.0 %","43.5 %","31.7 %","24.9 %","17.1 %","43.9 %","39.0 %","7859"
"Chad Pinder","Athletics",".292","1.03","19.2 %","40.9 %","39.9 %","5.2 %","19.5 %","8","10.1 %","0","0.0 %","34.2 %","38.3 %","27.5 %","14.0 %","52.9 %","33.2 %","15191"
"Yonder Alonso","White Sox",".302","0.78","22.8 %","33.9 %","43.2 %","8.3 %","19.4 %","1","0.9 %","0","0.0 %","40.8 %","33.6 %","25.5 %","13.2 %","50.8 %","36.0 %","2530"
"Yasiel Puig","Reds",".274","1.35","16.1 %","48.3 %","35.6 %","15.3 %","19.4 %","16","8.2 %","0","0.0 %","46.5 %","30.5 %","23.0 %","18.3 %","48.8 %","32.9 %","14225"
"Josh Bell","Pirates",".278","1.64","17.7 %","51.1 %","31.2 %","11.8 %","19.1 %","14","6.3 %","0","0.0 %","41.5 %","29.6 %","28.9 %","20.6 %","46.8 %","32.6 %","13145"
"Jonathan Villar","Orioles",".330","2.62","20.8 %","57.4 %","21.9 %","13.8 %","19.0 %","15","9.9 %","3","33.3 %","39.1 %","36.5 %","24.5 %","27.0 %","39.8 %","33.2 %","10071"
"Aaron Altherr","Phillies",".328","1.15","19.3 %","43.1 %","37.5 %","11.9 %","18.8 %","11","9.5 %","0","0.0 %","37.6 %","32.3 %","30.1 %","20.1 %","43.5 %","36.4 %","11270"
"Howie Kendrick","Nationals",".378","2.85","21.9 %","57.8 %","20.3 %","2.1 %","18.8 %","9","6.6 %","2","100.0 %","31.4 %","38.9 %","29.7 %","17.2 %","51.5 %","31.4 %","4229"
"Hunter Renfroe","Padres",".275","0.83","16.7 %","37.9 %","45.4 %","15.1 %","18.7 %","11","9.5 %","0","0.0 %","50.0 %","31.1 %","19.0 %","23.5 %","41.8 %","34.6 %","15464"
"Jay Bruce","Mariners",".274","0.70","20.8 %","32.5 %","46.7 %","5.1 %","18.5 %","5","3.7 %","1","100.0 %","44.4 %","34.4 %","21.2 %","11.7 %","48.0 %","40.3 %","9892"
"Matt Adams","Nationals",".311","0.91","18.4 %","38.8 %","42.7 %","6.4 %","18.3 %","4","4.0 %","0","0.0 %","46.7 %","32.9 %","20.4 %","15.3 %","47.5 %","37.3 %","9393"
"Randal Grichuk","Blue Jays",".293","0.84","21.4 %","35.9 %","42.7 %","8.3 %","18.3 %","11","10.9 %","0","0.0 %","51.3 %","27.8 %","21.0 %","18.2 %","41.6 %","40.2 %","10243"
"Marwin Gonzalez","Twins",".343","1.21","19.9 %","43.9 %","36.2 %","13.4 %","18.1 %","8","5.2 %","4","40.0 %","41.8 %","33.5 %","24.7 %","18.6 %","48.8 %","32.7 %","5497"
"Jose Abreu","White Sox",".330","1.24","18.2 %","45.3 %","36.4 %","7.1 %","17.9 %","14","6.1 %","0","0.0 %","38.7 %","33.6 %","27.7 %","15.8 %","43.7 %","40.5 %","15676"
"Eugenio Suarez","Reds",".309","1.05","24.0 %","38.9 %","37.1 %","11.0 %","17.9 %","12","7.9 %","0","0.0 %","42.7 %","30.2 %","27.1 %","20.7 %","45.5 %","33.8 %","12552"
"Wil Myers","Padres",".297","0.88","19.6 %","37.5 %","42.9 %","15.5 %","17.9 %","16","10.9 %","2","100.0 %","42.4 %","36.8 %","20.8 %","19.5 %","39.1 %","41.4 %","10047"
"Mike Moustakas","Brewers",".263","0.76","19.5 %","34.8 %","45.7 %","16.0 %","17.8 %","7","4.3 %","1","100.0 %","43.7 %","33.0 %","23.3 %","21.2 %","46.9 %","31.9 %","4892"
"Yasmani Grandal","Brewers",".298","1.09","16.5 %","43.5 %","40.0 %","14.5 %","17.7 %","7","5.2 %","0","0.0 %","41.7 %","33.7 %","24.7 %","17.6 %","45.8 %","36.5 %","11368"
"Jonathan Schoop","Twins",".330","1.13","20.9 %","41.9 %","37.2 %","16.0 %","17.7 %","14","6.9 %","0","0.0 %","45.8 %","34.3 %","19.9 %","23.0 %","40.9 %","36.1 %","11265"
"Ryan Braun","Brewers",".292","1.54","18.9 %","49.2 %","31.9 %","9.2 %","17.3 %","10","6.6 %","1","100.0 %","38.6 %","35.1 %","26.3 %","19.2 %","41.9 %","39.0 %","3410"
"Kurt Suzuki","Nationals",".268","0.75","18.5 %","34.9 %","46.6 %","15.3 %","17.1 %","4","4.8 %","1","50.0 %","48.8 %","35.0 %","16.3 %","20.0 %","46.7 %","33.3 %","8259"
"Anthony Rizzo","Cubs",".273","1.04","20.1 %","40.7 %","39.2 %","10.1 %","16.9 %","4","2.0 %","2","50.0 %","44.9 %","33.3 %","21.8 %","19.8 %","45.9 %","34.4 %","3473"
"Brian Dozier","Nationals",".300","0.90","19.0 %","38.4 %","42.6 %","13.4 %","16.8 %","13","7.1 %","2","50.0 %","50.4 %","32.0 %","17.6 %","15.9 %","50.0 %","34.1 %","9810"
"Kevin Kiermaier","Rays",".337","1.54","18.2 %","49.6 %","32.1 %","12.2 %","16.7 %","14","10.1 %","1","16.7 %","39.2 %","38.5 %","22.4 %","22.0 %","46.2 %","31.8 %","11038"
"Brian Goodwin","Angels",".291","0.89","19.0 %","38.0 %","42.9 %","6.3 %","16.5 %","4","5.7 %","0","0.0 %","45.4 %","29.2 %","25.4 %","16.2 %","49.7 %","34.1 %","12858"
"Chris Herrmann","Athletics",".207","1.15","17.6 %","44.0 %","38.4 %","1.6 %","16.4 %","3","4.3 %","0","0.0 %","34.4 %","39.4 %","26.3 %","16.3 %","49.4 %","34.4 %","9284"
"Andrew McCutchen","Phillies",".305","1.09","21.9 %","40.7 %","37.4 %","8.2 %","16.4 %","13","7.0 %","0","0.0 %","42.7 %","36.8 %","20.6 %","17.5 %","47.3 %","35.2 %","9847"
"Leury Garcia","White Sox",".321","2.29","20.6 %","55.3 %","24.1 %","3.6 %","16.4 %","8","6.3 %","1","12.5 %","39.0 %","36.0 %","25.0 %","23.7 %","49.6 %","26.7 %","5913"
"Eddie Rosario","Twins",".312","1.13","20.2 %","42.4 %","37.4 %","7.3 %","16.4 %","10","5.3 %","2","28.6 %","39.3 %","36.8 %","23.9 %","16.7 %","51.6 %","31.7 %","12155"
"Nolan Arenado","Rockies",".320","0.76","21.1 %","34.0 %","44.9 %","9.3 %","16.3 %","13","7.6 %","0","0.0 %","37.7 %","35.1 %","27.2 %","17.6 %","45.8 %","36.7 %","9777"
"Curtis Granderson","Marlins",".228","0.67","18.6 %","32.6 %","48.8 %","13.8 %","16.3 %","8","7.5 %","0","0.0 %","48.6 %","34.0 %","17.3 %","17.6 %","47.1 %","35.3 %","4747"
"Trevor Story","Rockies",".332","0.70","18.4 %","33.7 %","47.9 %","10.1 %","16.2 %","14","13.5 %","2","50.0 %","38.3 %","37.4 %","24.3 %","14.4 %","45.4 %","40.3 %","12564"
"Corey Seager","Dodgers",".352","1.27","24.8 %","42.1 %","33.1 %","4.4 %","16.2 %","8","4.6 %","0","0.0 %","36.5 %","35.5 %","28.0 %","12.9 %","43.1 %","44.0 %","13624"
"Starlin Castro","Marlins",".347","1.85","20.1 %","51.8 %","28.0 %","12.1 %","16.2 %","22","12.0 %","0","0.0 %","42.8 %","33.4 %","23.8 %","21.8 %","49.0 %","29.2 %","4579"
"Matt Joyce","Braves",".263","0.88","19.3 %","37.8 %","42.8 %","5.8 %","16.1 %","3","2.2 %","1","100.0 %","41.6 %","37.5 %","20.9 %","16.3 %","53.4 %","30.3 %","3353"
"Todd Frazier","Mets",".226","0.72","18.4 %","34.2 %","47.5 %","18.5 %","16.1 %","7","5.8 %","0","0.0 %","48.6 %","29.7 %","21.8 %","23.2 %","44.6 %","32.2 %","785"
"Avisail Garcia","Rays",".392","1.90","20.3 %","52.2 %","27.5 %","5.4 %","16.1 %","26","12.2 %","0","0.0 %","42.7 %","33.6 %","23.8 %","15.7 %","49.0 %","35.3 %","5760"
"Rougned Odor","Rangers",".224","0.98","16.3 %","41.5 %","42.2 %","15.5 %","16.0 %","9","4.9 %","4","66.7 %","50.3 %","29.8 %","19.8 %","18.5 %","44.8 %","36.8 %","12282"
"Kris Bryant","Cubs",".334","0.89","19.9 %","37.7 %","42.4 %","5.5 %","16.0 %","19","11.8 %","0","0.0 %","41.2 %","36.3 %","22.5 %","14.8 %","52.5 %","32.8 %","15429"
"Mitch Haniger","Mariners",".338","1.20","19.3 %","44.0 %","36.7 %","7.9 %","15.8 %","9","7.4 %","1","50.0 %","45.1 %","33.6 %","21.3 %","17.7 %","47.7 %","34.7 %","14274"
"Chris Taylor","Dodgers",".361","1.16","22.6 %","41.5 %","35.8 %","4.5 %","15.8 %","20","13.0 %","1","50.0 %","38.3 %","33.5 %","28.2 %","15.8 %","51.7 %","32.4 %","13757"
"Austin Barnes","Dodgers",".329","1.55","25.7 %","45.1 %","29.1 %","7.8 %","15.7 %","3","3.8 %","0","0.0 %","33.1 %","41.7 %","25.1 %","21.1 %","48.0 %","30.9 %","12158"
"Adam Jones","Diamondbacks",".312","1.31","20.9 %","44.8 %","34.3 %","9.6 %","15.7 %","20","9.2 %","2","50.0 %","41.4 %","29.9 %","28.7 %","20.1 %","49.0 %","30.9 %","6368"
"Jedd Gyorko","Cardinals",".312","1.03","20.1 %","40.5 %","39.3 %","8.5 %","15.5 %","7","5.3 %","0","0.0 %","43.0 %","30.5 %","26.5 %","19.2 %","50.0 %","30.8 %","10816"
"Mitch Moreland","Red Sox",".278","1.20","20.4 %","43.4 %","36.2 %","4.9 %","15.5 %","5","2.9 %","1","100.0 %","37.2 %","36.1 %","26.7 %","13.5 %","47.6 %","38.9 %","3086"
"Joc Pederson","Dodgers",".241","1.35","18.9 %","46.6 %","34.5 %","11.3 %","15.5 %","3","3.1 %","0","0.0 %","48.5 %","30.1 %","21.4 %","19.4 %","47.6 %","33.0 %","11899"
"Christian Yelich","Brewers",".336","2.20","19.4 %","55.4 %","25.2 %","2.5 %","15.3 %","11","4.2 %","1","50.0 %","33.3 %","37.4 %","29.3 %","15.9 %","48.8 %","35.2 %","11477"
"Tyler Flowers","Braves",".342","1.27","24.5 %","42.2 %","33.3 %","5.1 %","15.2 %","7","7.0 %","0","0.0 %","43.9 %","28.3 %","27.9 %","18.1 %","44.7 %","37.1 %","9134"
"Salvador Perez","Royals",".280","0.71","19.7 %","33.3 %","47.0 %","10.6 %","15.1 %","3","2.4 %","0","0.0 %","53.0 %","29.7 %","17.3 %","16.5 %","45.4 %","38.1 %","7304"
"Manny Machado","Padres",".265","1.00","15.8 %","42.1 %","42.1 %","13.2 %","15.1 %","19","8.7 %","2","50.0 %","41.6 %","33.6 %","24.8 %","18.5 %","42.0 %","39.5 %","11493"
"Ryon Healy","Mariners",".319","1.12","19.1 %","42.8 %","38.2 %","7.2 %","15.1 %","17","9.1 %","1","100.0 %","41.1 %","36.0 %","22.9 %","16.5 %","49.5 %","33.9 %","15447"
"Austin Hedges","Padres",".260","0.80","17.7 %","36.6 %","45.7 %","15.7 %","14.9 %","7","7.2 %","2","50.0 %","39.0 %","34.9 %","26.0 %","22.3 %","44.6 %","33.1 %","12976"
"Caleb Joseph","Diamondbacks",".328","1.56","24.2 %","46.2 %","29.7 %","7.4 %","14.8 %","4","4.8 %","0","0.0 %","36.6 %","38.3 %","25.1 %","21.3 %","50.3 %","28.4 %","7087"
"Brian McCann","Braves",".237","1.00","17.0 %","41.5 %","41.5 %","13.1 %","14.8 %","4","3.3 %","2","100.0 %","46.3 %","33.1 %","20.6 %","19.3 %","51.4 %","29.4 %","4810"
"Robinson Cano","Mets",".294","1.63","19.4 %","50.0 %","30.6 %","4.5 %","14.7 %","5","2.0 %","0","0.0 %","39.4 %","35.7 %","24.9 %","12.8 %","50.4 %","36.9 %","3269"
"Dexter Fowler","Cardinals",".305","1.03","22.4 %","39.4 %","38.2 %","4.1 %","14.6 %","6","4.7 %","0","0.0 %","40.3 %","37.5 %","22.3 %","12.7 %","49.2 %","38.1 %","4062"
"Jose Altuve","Astros",".370","1.44","20.3 %","47.0 %","32.7 %","9.1 %","14.6 %","30","12.7 %","6","75.0 %","40.8 %","32.9 %","26.3 %","19.0 %","52.8 %","28.2 %","5417"
"C.J. Cron","Twins",".296","0.73","22.8 %","32.5 %","44.7 %","14.5 %","14.5 %","2","2.5 %","0","0.0 %","47.2 %","30.9 %","22.0 %","20.3 %","43.9 %","35.8 %","12546"
"Jackie Bradley Jr.","Red Sox",".294","1.50","18.4 %","49.0 %","32.6 %","8.5 %","14.5 %","13","7.4 %","0","0.0 %","41.9 %","33.6 %","24.4 %","17.5 %","49.2 %","33.3 %","12984"
"Tim Anderson","White Sox",".328","1.88","19.2 %","52.7 %","28.0 %","4.2 %","14.4 %","23","10.4 %","1","14.3 %","42.8 %","35.1 %","22.2 %","21.3 %","50.5 %","28.3 %","15172"
"Nicholas Castellanos","Tigers",".313","0.98","24.5 %","37.3 %","38.2 %","1.6 %","14.3 %","12","6.7 %","0","0.0 %","38.6 %","34.8 %","26.6 %","11.5 %","45.1 %","43.4 %","11737"
"James McCann","White Sox",".300","1.10","28.2 %","37.6 %","34.2 %","8.8 %","14.3 %","6","6.0 %","0","0.0 %","43.8 %","27.7 %","28.5 %","15.7 %","46.1 %","38.2 %","12859"
"Byron Buxton","Twins",".339","1.02","23.2 %","38.7 %","38.0 %","17.7 %","14.2 %","16","13.9 %","11","50.0 %","47.3 %","32.9 %","19.8 %","18.2 %","54.2 %","27.6 %","14161"
"David Freese","Dodgers",".336","2.52","20.4 %","57.0 %","22.6 %","4.2 %","14.1 %","16","8.9 %","0","0.0 %","25.8 %","43.3 %","30.9 %","19.4 %","48.7 %","31.9 %","9549"
"Jose Ramirez","Indians",".319","0.98","21.4 %","38.9 %","39.7 %","9.7 %","14.1 %","11","5.4 %","0","0.0 %","46.3 %","32.1 %","21.7 %","16.7 %","49.3 %","34.0 %","13510"
"Brandon Belt","Giants",".284","0.63","23.4 %","29.7 %","46.9 %","11.7 %","14.1 %","3","3.7 %","3","50.0 %","39.4 %","37.6 %","22.9 %","14.0 %","47.7 %","38.4 %","10264"
"Francisco Lindor","Indians",".275","0.92","18.3 %","39.2 %","42.4 %","6.8 %","14.0 %","17","7.8 %","4","40.0 %","40.5 %","34.5 %","25.1 %","14.3 %","50.5 %","35.2 %","12916"
"Yan Gomes","Nationals",".283","0.97","17.4 %","40.7 %","41.9 %","11.9 %","13.9 %","6","6.1 %","1","33.3 %","43.9 %","32.4 %","23.8 %","21.7 %","49.2 %","29.1 %","9627"
"Matt Chapman","Athletics",".290","0.66","16.0 %","33.5 %","50.5 %","16.8 %","13.9 %","3","4.5 %","0","0.0 %","34.5 %","38.5 %","27.0 %","20.0 %","44.0 %","36.0 %","16505"
"Steve Pearce","Red Sox",".281","1.07","21.4 %","40.7 %","37.9 %","10.6 %","13.8 %","9","8.9 %","0","0.0 %","42.3 %","34.7 %","23.0 %","19.4 %","46.0 %","34.7 %","9957"
"Mark Trumbo","Orioles",".278","1.07","16.1 %","43.3 %","40.6 %","15.0 %","13.8 %","16","9.0 %","0","0.0 %","38.7 %","39.9 %","21.4 %","20.9 %","48.7 %","30.4 %","6876"
"Wilmer Flores","Diamondbacks",".270","0.78","18.4 %","35.8 %","45.8 %","10.6 %","13.6 %","4","3.9 %","0","0.0 %","40.3 %","33.0 %","26.7 %","16.3 %","48.3 %","35.4 %","5827"
"Nomar Mazara","Rangers",".293","1.36","19.3 %","46.5 %","34.2 %","8.8 %","13.6 %","11","5.5 %","0","0.0 %","35.4 %","38.8 %","25.8 %","20.9 %","46.5 %","32.6 %","14553"
"Maikel Franco","Phillies",".234","1.24","17.9 %","45.4 %","36.7 %","16.3 %","13.5 %","7","3.2 %","0","0.0 %","46.2 %","32.0 %","21.9 %","20.8 %","48.3 %","30.9 %","12179"
"Brett Gardner","Yankees",".300","1.34","22.3 %","44.5 %","33.2 %","7.7 %","13.5 %","18","8.6 %","4","40.0 %","37.3 %","35.4 %","27.3 %","20.0 %","51.3 %","28.8 %","9927"
"Miguel Cabrera","Tigers",".292","1.21","27.3 %","39.8 %","32.9 %","2.5 %","13.4 %","4","2.8 %","0","0.0 %","32.0 %","36.5 %","31.5 %","9.9 %","47.5 %","42.5 %","1744"
"Ian Desmond","Rockies",".345","3.02","16.5 %","62.7 %","20.8 %","9.4 %","13.2 %","15","9.4 %","0","0.0 %","36.1 %","38.8 %","25.2 %","24.8 %","48.1 %","27.1 %","6885"
"Orlando Arcia","Brewers",".317","1.81","19.9 %","51.6 %","28.5 %","11.2 %","12.9 %","20","9.5 %","2","50.0 %","34.6 %","40.4 %","25.1 %","22.9 %","47.0 %","30.2 %","13185"
"Brandon Drury","Blue Jays",".320","1.66","21.8 %","48.8 %","29.4 %","10.9 %","12.9 %","10","6.0 %","0","0.0 %","39.2 %","34.6 %","26.2 %","16.6 %","51.7 %","31.7 %","11615"
"Daniel Murphy","Rockies",".341","0.86","27.6 %","33.5 %","38.9 %","13.4 %","12.8 %","2","1.3 %","0","0.0 %","39.1 %","36.3 %","24.6 %","16.7 %","47.6 %","35.7 %","4316"
"Eduardo Escobar","Diamondbacks",".279","0.74","21.0 %","33.7 %","45.3 %","7.3 %","12.8 %","5","4.1 %","0","0.0 %","41.1 %","33.1 %","25.9 %","16.0 %","52.6 %","31.4 %","6153"
"Enrique Hernandez","Dodgers",".254","1.05","18.7 %","41.6 %","39.7 %","8.0 %","12.6 %","5","5.5 %","0","0.0 %","46.2 %","30.8 %","23.1 %","15.8 %","44.8 %","39.4 %","10472"
"Martin Maldonado","Royals",".273","1.32","14.9 %","48.5 %","36.6 %","9.0 %","12.6 %","5","3.4 %","2","12.5 %","41.7 %","31.7 %","26.7 %","21.6 %","51.7 %","26.7 %","6887"
"Carlos Gonzalez","Indians",".318","1.53","19.7 %","48.6 %","31.7 %","9.7 %","12.4 %","10","5.8 %","1","100.0 %","41.5 %","38.1 %","20.5 %","20.5 %","47.6 %","31.9 %","7287"
"Kole Calhoun","Angels",".284","1.25","21.1 %","43.9 %","35.0 %","8.4 %","12.3 %","7","3.6 %","1","100.0 %","44.7 %","32.4 %","22.9 %","17.0 %","51.3 %","31.8 %","11200"
"Carlos Santana","Indians",".274","1.04","20.0 %","40.8 %","39.3 %","13.4 %","12.3 %","14","7.2 %","2","66.7 %","51.2 %","32.4 %","16.5 %","18.4 %","48.6 %","33.0 %","2396"
"Chris Owings","Royals",".318","1.19","21.8 %","42.5 %","35.6 %","15.3 %","12.2 %","10","8.5 %","3","50.0 %","39.2 %","32.7 %","28.1 %","16.0 %","52.3 %","31.7 %","10030"
"David Peralta","Diamondbacks",".333","2.08","18.4 %","55.1 %","26.5 %","13.0 %","12.2 %","17","7.1 %","0","0.0 %","31.3 %","38.7 %","30.0 %","21.2 %","47.0 %","31.8 %","2136"
"Matt Carpenter","Cardinals",".274","0.53","22.3 %","26.9 %","50.8 %","4.8 %","12.2 %","3","3.0 %","4","57.1 %","47.2 %","31.4 %","21.4 %","12.1 %","45.7 %","42.2 %","8090"
"Didi Gregorius","Yankees",".287","0.83","20.0 %","36.2 %","43.8 %","15.5 %","12.1 %","16","9.4 %","0","0.0 %","40.3 %","37.4 %","22.3 %","24.4 %","52.4 %","23.1 %","6012"
"Max Kepler","Twins",".276","1.08","17.6 %","42.8 %","39.5 %","11.5 %","12.1 %","8","4.7 %","2","50.0 %","43.9 %","31.2 %","24.9 %","18.7 %","48.4 %","32.9 %","12144"
"Cameron Maybin","Yankees",".274","2.07","14.4 %","57.7 %","27.9 %","6.0 %","12.0 %","13","7.6 %","2","40.0 %","38.9 %","34.3 %","26.7 %","20.1 %","52.5 %","27.4 %","5223"
"Jason Castro","Twins",".318","1.25","24.6 %","41.9 %","33.5 %","9.6 %","12.0 %","2","1.9 %","0","0.0 %","34.4 %","37.2 %","28.4 %","14.0 %","50.0 %","36.0 %","8722"
"Albert Pujols","Angels",".249","1.14","18.5 %","43.5 %","38.1 %","10.9 %","12.0 %","4","1.8 %","0","0.0 %","47.4 %","34.7 %","17.9 %","15.9 %","49.0 %","35.1 %","1177"
"Hernan Perez","Brewers",".286","1.44","18.2 %","48.3 %","33.5 %","10.2 %","11.9 %","14","8.2 %","3","42.9 %","39.3 %","35.7 %","25.1 %","21.2 %","48.5 %","30.4 %","5751"
"Pablo Sandoval","Giants",".240","1.30","16.3 %","47.4 %","36.4 %","15.8 %","11.8 %","3","3.0 %","0","0.0 %","32.5 %","38.3 %","29.2 %","17.7 %","49.8 %","32.5 %","5409"
"Elvis Andrus","Rangers",".325","1.54","20.0 %","48.5 %","31.5 %","8.7 %","11.6 %","22","8.3 %","0","0.0 %","44.8 %","36.0 %","19.2 %","18.7 %","50.8 %","30.5 %","8709"
"J.T. Realmuto","Phillies",".318","1.39","17.9 %","47.8 %","34.3 %","5.4 %","11.6 %","21","10.2 %","0","0.0 %","46.6 %","35.2 %","18.2 %","14.9 %","51.8 %","33.3 %","11739"
"Nick Hundley","Athletics",".307","1.10","19.2 %","42.3 %","38.5 %","10.0 %","11.3 %","9","10.2 %","1","50.0 %","37.6 %","36.7 %","25.7 %","18.1 %","48.1 %","33.8 %","3376"
"Hunter Pence","Rangers",".301","1.95","13.4 %","57.2 %","29.4 %","7.8 %","11.2 %","21","9.3 %","0","0.0 %","29.9 %","41.8 %","28.4 %","18.5 %","52.2 %","29.4 %","8252"
"Andrew Benintendi","Red Sox",".301","1.04","21.5 %","40.1 %","38.4 %","10.1 %","11.2 %","10","5.3 %","0","0.0 %","34.3 %","37.0 %","28.7 %","16.6 %","49.2 %","34.3 %","17901"
"Kyle Seager","Mariners",".262","0.61","17.1 %","31.3 %","51.6 %","5.0 %","11.2 %","10","6.8 %","3","60.0 %","40.1 %","35.2 %","24.7 %","13.1 %","51.3 %","35.7 %","9785"
"Yadier Molina","Cardinals",".285","1.13","20.4 %","42.2 %","37.4 %","11.0 %","11.0 %","5","2.7 %","0","0.0 %","42.6 %","32.5 %","24.9 %","16.5 %","47.1 %","36.4 %","7007"
"Albert Almora Jr.","Cubs",".338","1.66","20.8 %","49.4 %","29.8 %","6.8 %","11.0 %","11","9.1 %","1","16.7 %","39.8 %","32.7 %","27.5 %","19.9 %","50.6 %","29.5 %","14109"
"Jordy Mercer","Tigers",".284","1.56","20.8 %","48.3 %","30.9 %","10.2 %","10.9 %","12","6.0 %","0","0.0 %","39.9 %","39.2 %","20.9 %","19.0 %","50.0 %","31.0 %","6547"
"Neil Walker","Marlins",".297","0.87","22.0 %","36.2 %","41.7 %","9.3 %","10.9 %","5","4.5 %","1","50.0 %","43.1 %","34.7 %","22.2 %","17.7 %","49.5 %","32.8 %","7539"
"Michael Brantley","Astros",".325","1.73","22.3 %","49.3 %","28.4 %","6.0 %","10.8 %","7","4.9 %","0","0.0 %","39.7 %","34.9 %","25.3 %","14.0 %","52.1 %","33.9 %","4106"
"Yuli Gurriel","Astros",".308","1.31","18.6 %","46.2 %","35.2 %","12.7 %","10.8 %","13","6.0 %","0","0.0 %","41.4 %","37.4 %","21.1 %","15.9 %","49.1 %","35.1 %","19198"
"Justin Turner","Dodgers",".326","0.66","20.8 %","31.4 %","47.8 %","3.1 %","10.8 %","5","3.9 %","0","0.0 %","36.7 %","38.9 %","24.5 %","9.8 %","51.3 %","38.9 %","5235"
"Melky Cabrera","Pirates",".299","1.69","22.1 %","48.9 %","29.0 %","10.0 %","10.6 %","18","6.7 %","0","0.0 %","38.8 %","35.9 %","25.3 %","19.0 %","52.2 %","28.9 %","4022"
"Stephen Piscotty","Athletics",".286","1.48","17.6 %","49.2 %","33.2 %","8.2 %","10.6 %","8","6.3 %","1","100.0 %","44.8 %","29.6 %","25.7 %","17.9 %","49.4 %","32.7 %","13367"
"Evan Longoria","Giants",".282","1.18","19.8 %","43.4 %","36.8 %","14.2 %","10.5 %","12","5.4 %","0","0.0 %","42.8 %","32.0 %","25.2 %","18.0 %","47.7 %","34.3 %","9368"
"Yangervis Solarte","Giants",".258","0.99","16.4 %","41.6 %","42.1 %","17.4 %","10.5 %","8","4.7 %","0","0.0 %","42.3 %","35.9 %","21.8 %","25.2 %","43.8 %","31.1 %","5352"
"Derek Dietrich","Reds",".294","0.90","22.8 %","36.5 %","40.7 %","8.7 %","10.2 %","10","8.8 %","0","0.0 %","40.7 %","36.5 %","22.8 %","20.5 %","47.4 %","32.1 %","10542"
"Alex Bregman","Astros",".311","0.96","21.7 %","38.4 %","39.9 %","16.7 %","10.2 %","9","5.0 %","0","0.0 %","42.6 %","37.3 %","20.1 %","18.0 %","49.0 %","33.0 %","17678"
"Ian Kinsler","Padres",".244","0.71","20.6 %","32.9 %","46.5 %","14.4 %","10.2 %","4","2.6 %","0","0.0 %","38.9 %","34.8 %","26.2 %","18.7 %","44.3 %","37.0 %","6195"
"Mookie Betts","Red Sox",".268","0.95","16.8 %","40.4 %","42.8 %","14.8 %","10.1 %","23","10.3 %","0","0.0 %","44.4 %","35.6 %","20.0 %","18.2 %","46.0 %","35.7 %","13611"
"Gerardo Parra","Giants",".343","1.55","22.9 %","46.8 %","30.3 %","1.0 %","10.1 %","9","5.9 %","3","42.9 %","33.2 %","37.1 %","29.6 %","14.4 %","50.9 %","34.7 %","8553"
"Jason Kipnis","Indians",".256","0.82","19.6 %","36.3 %","44.1 %","11.8 %","10.1 %","8","8.2 %","0","0.0 %","39.7 %","33.1 %","27.2 %","22.1 %","47.8 %","30.2 %","9776"
"Brandon Crawford","Giants",".293","1.35","19.4 %","46.2 %","34.4 %","7.0 %","9.9 %","7","3.7 %","0","0.0 %","38.9 %","33.1 %","28.0 %","19.3 %","48.1 %","32.6 %","5343"
"Starling Marte","Pirates",".324","1.65","21.0 %","49.2 %","29.8 %","9.9 %","9.9 %","14","12.0 %","6","60.0 %","36.3 %","33.9 %","29.8 %","29.0 %","44.8 %","26.2 %","9241"
"Ben Zobrist","Cubs",".251","1.53","15.6 %","51.1 %","33.3 %","8.2 %","9.8 %","9","4.8 %","0","0.0 %","49.9 %","32.5 %","17.6 %","14.9 %","52.9 %","32.3 %","7435"
"Asdrubal Cabrera","Rangers",".310","1.20","20.4 %","43.5 %","36.2 %","6.3 %","9.7 %","13","7.5 %","1","25.0 %","46.3 %","34.3 %","19.4 %","17.2 %","46.0 %","36.8 %","4962"
"Jean Segura","Phillies",".339","2.06","19.3 %","54.3 %","26.4 %","3.4 %","9.5 %","21","8.8 %","1","50.0 %","29.9 %","42.3 %","27.8 %","19.7 %","52.0 %","28.3 %","5933"
"Yolmer Sanchez","White Sox",".321","1.31","21.6 %","44.5 %","33.9 %","6.3 %","9.4 %","10","6.0 %","3","33.3 %","33.3 %","36.7 %","30.0 %","19.3 %","56.8 %","24.0 %","11602"
"Daniel Robertson","Rays",".282","1.26","17.8 %","45.9 %","36.3 %","15.1 %","9.4 %","4","6.0 %","0","0.0 %","29.7 %","44.6 %","25.7 %","18.9 %","47.3 %","33.8 %","14145"
"Manuel Margot","Padres",".309","1.12","23.2 %","40.5 %","36.3 %","9.4 %","9.4 %","18","11.7 %","2","33.3 %","27.7 %","40.4 %","31.9 %","25.9 %","48.7 %","25.4 %","14712"
"Whit Merrifield","Royals",".308","0.93","21.8 %","37.7 %","40.5 %","7.4 %","9.4 %","21","11.2 %","4","50.0 %","33.5 %","35.7 %","30.8 %","15.4 %","54.0 %","30.6 %","11281"
"Lorenzo Cain","Brewers",".340","1.35","22.6 %","44.4 %","32.9 %","9.4 %","9.4 %","21","9.7 %","0","0.0 %","31.1 %","40.5 %","28.4 %","18.7 %","50.2 %","31.1 %","9077"
"Sandy Leon","Red Sox",".280","0.96","25.4 %","36.5 %","38.1 %","18.7 %","9.3 %","3","4.2 %","3","75.0 %","37.8 %","34.8 %","27.4 %","24.4 %","45.8 %","29.9 %","5273"
"Cesar Hernandez","Phillies",".353","2.14","22.6 %","52.8 %","24.6 %","3.1 %","9.3 %","27","13.0 %","9","64.3 %","35.8 %","37.8 %","26.5 %","23.5 %","54.4 %","22.1 %","10556"
"Francisco Cervelli","Pirates",".311","1.93","20.6 %","52.3 %","27.1 %","3.7 %","9.3 %","5","4.8 %","1","50.0 %","42.3 %","31.8 %","25.9 %","12.9 %","54.2 %","32.8 %","5275"
"Marcus Semien","Athletics",".300","0.89","20.5 %","37.5 %","42.1 %","10.1 %","9.2 %","7","7.2 %","0","0.0 %","43.3 %","33.7 %","23.0 %","16.5 %","53.3 %","30.3 %","12533"
"Jason Heyward","Cubs",".284","1.45","19.9 %","47.4 %","32.7 %","18.3 %","9.2 %","11","6.3 %","0","0.0 %","46.3 %","33.9 %","19.8 %","25.8 %","48.8 %","25.5 %","4940"
"Gregory Polanco","Pirates",".272","1.13","20.3 %","42.2 %","37.5 %","10.0 %","9.2 %","8","5.9 %","0","0.0 %","44.1 %","30.6 %","25.3 %","22.8 %","51.3 %","25.9 %","12907"
"Daniel Descalso","Cubs",".283","0.90","17.9 %","38.9 %","43.2 %","6.3 %","9.0 %","2","2.0 %","0","0.0 %","43.6 %","34.6 %","21.8 %","16.0 %","47.1 %","37.0 %","8392"
"Kevin Pillar","Giants",".280","1.18","20.4 %","43.1 %","36.4 %","13.9 %","8.9 %","14","6.6 %","0","0.0 %","40.2 %","34.9 %","24.9 %","22.5 %","50.2 %","27.3 %","12434"
"Robbie Grossman","Athletics",".287","1.18","24.8 %","40.7 %","34.4 %","8.7 %","8.7 %","8","6.5 %","1","20.0 %","38.8 %","37.1 %","24.1 %","16.0 %","53.1 %","30.9 %","5254"
"Ben Gamel","Brewers",".340","1.35","21.8 %","44.9 %","33.3 %","9.2 %","8.5 %","7","4.0 %","0","0.0 %","34.3 %","35.0 %","30.7 %","18.7 %","51.9 %","29.4 %","12160"
"Andrelton Simmons","Angels",".291","1.57","19.0 %","49.5 %","31.5 %","11.4 %","8.4 %","20","7.7 %","3","100.0 %","45.3 %","34.2 %","20.6 %","20.6 %","50.2 %","29.3 %","10847"
"Manny Pina","Brewers",".339","0.82","23.2 %","34.6 %","42.1 %","7.5 %","8.4 %","4","4.5 %","0","0.0 %","44.7 %","31.8 %","23.5 %","14.1 %","51.8 %","34.1 %","2829"
"Buster Posey","Giants",".347","1.32","23.3 %","43.6 %","33.0 %","2.8 %","8.4 %","6","3.2 %","0","0.0 %","36.5 %","40.0 %","23.6 %","14.1 %","52.9 %","33.0 %","9166"
"Tucker Barnhart","Reds",".312","1.65","26.2 %","46.0 %","27.8 %","4.8 %","8.3 %","6","4.3 %","0","0.0 %","40.3 %","38.7 %","21.0 %","16.5 %","50.3 %","33.2 %","10200"
"Matt Wieters","Cardinals",".264","1.17","21.1 %","42.5 %","36.4 %","9.9 %","8.3 %","8","5.7 %","0","0.0 %","42.2 %","34.3 %","23.5 %","18.1 %","54.5 %","27.4 %","4298"
"Ketel Marte","Diamondbacks",".290","1.32","20.7 %","45.1 %","34.2 %","6.3 %","7.9 %","5","6.0 %","1","25.0 %","35.1 %","39.4 %","25.5 %","17.6 %","54.3 %","28.2 %","13613"
"Wilmer Difo","Nationals",".332","2.05","24.4 %","50.8 %","24.8 %","6.3 %","7.9 %","12","9.3 %","2","16.7 %","39.9 %","35.3 %","24.8 %","22.2 %","54.9 %","22.9 %","14320"
"Jacoby Ellsbury","Yankees",".304","1.48","23.1 %","45.9 %","31.0 %","10.0 %","7.8 %","9","6.8 %","3","60.0 %","42.0 %","30.2 %","27.8 %","22.7 %","51.2 %","26.1 %","4727"
"DJ LeMahieu","Yankees",".351","2.82","24.7 %","55.6 %","19.7 %","5.8 %","7.8 %","10","3.4 %","1","20.0 %","21.6 %","40.0 %","38.3 %","15.4 %","54.1 %","30.6 %","9874"
"Alex Gordon","Royals",".261","1.29","24.4 %","42.6 %","33.0 %","9.5 %","7.8 %","6","4.0 %","2","50.0 %","43.0 %","34.8 %","22.2 %","19.4 %","51.4 %","29.2 %","5209"
"Aledmys Diaz","Astros",".282","1.21","16.6 %","45.6 %","37.8 %","13.2 %","7.7 %","12","10.9 %","3","60.0 %","49.6 %","33.3 %","17.1 %","23.2 %","53.3 %","23.6 %","15937"
"Adam Engel","White Sox",".247","0.91","13.6 %","41.2 %","45.2 %","21.3 %","7.5 %","13","17.8 %","2","13.3 %","43.2 %","30.7 %","26.0 %","27.1 %","47.4 %","25.5 %","15082"
"Josh Reddick","Astros",".339","0.79","24.2 %","33.6 %","42.3 %","9.1 %","7.4 %","7","5.0 %","2","50.0 %","35.9 %","36.1 %","28.0 %","17.2 %","51.7 %","31.1 %","3892"
"Jorge Polanco","Twins",".278","0.89","19.3 %","37.9 %","42.8 %","10.3 %","7.4 %","12","7.7 %","5","35.7 %","44.2 %","33.8 %","22.0 %","19.9 %","52.5 %","27.7 %","13152"
"Kevan Smith","Angels",".323","2.44","19.5 %","57.1 %","23.4 %","7.4 %","7.4 %","4","3.0 %","1","25.0 %","33.2 %","32.8 %","34.0 %","21.3 %","56.2 %","22.6 %","12284"
"Xander Bogaerts","Red Sox",".327","1.60","20.6 %","48.9 %","30.5 %","13.7 %","7.2 %","26","11.7 %","0","0.0 %","40.8 %","33.3 %","25.9 %","19.7 %","48.9 %","31.4 %","12161"
"Logan Forsythe","Rangers",".299","1.33","23.0 %","44.0 %","33.1 %","4.7 %","7.1 %","6","5.3 %","0","0.0 %","30.0 %","42.8 %","27.2 %","13.2 %","50.2 %","36.6 %","7185"
"Christian Vazquez","Red Sox",".348","1.68","24.9 %","47.1 %","28.0 %","4.1 %","6.8 %","3","2.4 %","0","0.0 %","29.1 %","37.6 %","33.3 %","21.5 %","52.1 %","26.4 %","9774"
"Ender Inciarte","Braves",".339","1.61","23.9 %","47.0 %","29.1 %","8.1 %","6.8 %","17","6.5 %","7","33.3 %","30.3 %","38.5 %","31.2 %","20.9 %","57.0 %","22.1 %","4922"
"Delino DeShields","Rangers",".358","1.30","20.2 %","45.1 %","34.8 %","10.2 %","6.8 %","19","16.7 %","13","41.9 %","39.4 %","31.0 %","29.6 %","20.1 %","56.0 %","23.9 %","11379"
"Johan Camargo","Braves",".364","1.54","21.5 %","47.6 %","30.9 %","15.3 %","6.8 %","7","7.7 %","0","0.0 %","36.8 %","38.9 %","24.4 %","20.2 %","51.3 %","28.5 %","14950"
"Adam Frazier","Pirates",".306","1.79","25.4 %","47.9 %","26.8 %","3.2 %","6.4 %","9","5.4 %","0","0.0 %","32.3 %","32.9 %","34.8 %","17.9 %","54.7 %","27.5 %","15223"
"Joe Panik","Giants",".301","1.29","21.9 %","44.0 %","34.1 %","7.6 %","6.4 %","14","6.9 %","2","28.6 %","36.1 %","36.8 %","27.1 %","20.1 %","53.9 %","26.1 %","11936"
"Freddy Galvis","Blue Jays",".292","0.94","24.1 %","36.7 %","39.2 %","9.9 %","6.3 %","14","7.8 %","8","61.5 %","36.6 %","32.4 %","31.0 %","18.1 %","56.5 %","25.5 %","6609"
"Jonathan Lucroy","Angels",".286","1.91","18.6 %","53.5 %","27.9 %","9.5 %","5.7 %","8","4.0 %","0","0.0 %","30.3 %","38.8 %","30.9 %","20.5 %","57.2 %","22.3 %","7870"
"Jose Iglesias","Reds",".285","1.90","23.2 %","50.4 %","26.4 %","15.2 %","5.7 %","12","6.0 %","0","0.0 %","37.3 %","31.8 %","30.9 %","23.4 %","48.3 %","28.4 %","10231"
"Nick Markakis","Braves",".324","1.66","22.2 %","48.6 %","29.2 %","9.9 %","5.6 %","10","4.2 %","0","0.0 %","33.3 %","36.6 %","30.0 %","15.6 %","51.2 %","33.1 %","5930"
"Dansby Swanson","Braves",".292","1.61","23.2 %","47.4 %","29.4 %","6.4 %","5.5 %","14","8.0 %","0","0.0 %","42.5 %","30.9 %","26.6 %","18.0 %","52.7 %","29.3 %","18314"
"Guillermo Heredia","Rays",".284","1.36","17.6 %","47.4 %","34.9 %","11.0 %","5.5 %","13","8.8 %","4","33.3 %","35.2 %","39.5 %","25.3 %","23.8 %","55.9 %","20.4 %","18721"
"Joey Rickard","Orioles",".303","0.93","26.6 %","35.4 %","38.0 %","19.2 %","5.5 %","10","14.7 %","4","44.4 %","50.8 %","28.4 %","20.9 %","24.9 %","50.3 %","24.9 %","13277"
"Juan Lagares","Mets",".309","1.76","20.4 %","50.8 %","28.8 %","16.4 %","5.5 %","7","7.2 %","3","37.5 %","43.7 %","32.2 %","24.1 %","21.1 %","49.3 %","29.7 %","5384"
"Jarrod Dyson","Diamondbacks",".285","1.38","19.1 %","46.9 %","33.9 %","13.8 %","5.3 %","13","10.0 %","7","35.0 %","39.7 %","33.0 %","27.3 %","30.0 %","54.2 %","15.8 %","4866"
"Greg Garcia","Padres",".335","2.21","30.3 %","48.0 %","21.7 %","5.3 %","5.3 %","3","3.6 %","2","25.0 %","29.5 %","38.8 %","31.7 %","19.7 %","63.4 %","16.9 %","10951"
"Eric Sogard","Blue Jays",".311","1.19","28.6 %","38.8 %","32.5 %","10.4 %","4.5 %","1","1.3 %","4","57.1 %","38.0 %","31.5 %","30.5 %","16.9 %","56.8 %","26.3 %","7927"
"Kolten Wong","Cardinals",".331","1.51","20.1 %","48.1 %","31.8 %","10.9 %","4.3 %","10","7.2 %","4","44.4 %","38.3 %","33.2 %","28.5 %","20.8 %","51.0 %","28.2 %","12532"
"Jose Peraza","Reds",".293","1.50","21.6 %","47.1 %","31.3 %","13.2 %","3.9 %","16","8.2 %","4","44.4 %","32.3 %","39.2 %","28.5 %","26.6 %","52.0 %","21.4 %","13593"
"Austin Romine","Yankees",".277","1.50","25.3 %","44.8 %","29.9 %","5.8 %","3.8 %","4","5.1 %","0","0.0 %","26.6 %","38.4 %","35.0 %","22.0 %","50.3 %","27.7 %","5491"
"Omar Narvaez","Mariners",".330","1.53","27.7 %","43.7 %","28.6 %","3.4 %","3.4 %","5","5.6 %","1","20.0 %","34.1 %","33.2 %","32.7 %","20.4 %","60.2 %","19.4 %","13338"
"Billy Hamilton","Royals",".313","1.50","23.6 %","45.8 %","30.6 %","12.1 %","3.0 %","19","9.6 %","5","20.8 %","36.8 %","37.3 %","25.9 %","25.0 %","59.0 %","16.0 %","10199"
"Dee Gordon","Mariners",".354","2.93","22.8 %","57.6 %","19.6 %","2.9 %","1.9 %","22","7.1 %","18","58.1 %","30.0 %","36.8 %","33.2 %","24.7 %","59.2 %","16.1 %","8203"
"Miguel Rojas","Marlins",".324","1.81","25.3 %","48.1 %","26.6 %","15.9 %","1.6 %","6","5.3 %","0","0.0 %","28.4 %","38.7 %","32.9 %","27.6 %","52.3 %","20.2 %","7802"
"Tony Wolters","Rockies",".316","2.29","21.5 %","54.7 %","23.8 %","2.4 %","0.0 %","5","5.3 %","1","25.0 %","35.8 %","37.5 %","26.7 %","15.9 %","63.1 %","21.0 %","11470"
